population,candidate,same_population_keys,target_seasons,n_target_seasons,n_team_seasons,mean_delta_nll,median_delta_nll,wins,losses,ties,worst_season_regression,best_season_improvement,mean_delta_crps,mean_delta_expected_rank_mae,mean_delta_median_rank_mae,mean_delta_top5_brier,mean_delta_top10_brier,mean_delta_top25_brier,descriptive_bootstrap
full_fbs_imputed,missingness_recruiting_with_indicators,True,2007;2008;2009;2010;2011;2012;2013;2014;2015;2016;2017;2018;2019;2020;2021;2022;2023;2024;2025,19,2391,-0.009895787269872988,-0.016641997900896044,16,3,0,0.03391360815627564,-0.035464705480662495,-0.0010490416638112236,-0.3475295321066129,-0.1775214082918288,-0.00036100133174370554,-0.00035234329129605344,-0.0010205314755419377,season-level bootstrap reported in summary.json
full_fbs_imputed,missingness_recruiting_without_indicators,True,2007;2008;2009;2010;2011;2012;2013;2014;2015;2016;2017;2018;2019;2020;2021;2022;2023;2024;2025,19,2391,-0.01059593946172575,-0.016489082456151216,16,3,0,0.03192609044593109,-0.03419326724371352,-0.0011800376055424912,-0.36969995459108773,-0.20565886747850265,-0.00035794666510322775,-0.00033867776114947836,-0.0010342830585012472,season-level bootstrap reported in summary.json
full_fbs_imputed,missingness_returning_with_indicators,True,2007;2008;2009;2010;2011;2012;2013;2014;2015;2016;2017;2018;2019;2020;2021;2022;2023;2024;2025,19,2391,-0.0064451322392253,-1.5059306074149958e-05,11,8,0,0.052757023762200816,-0.05612569292803293,-0.0013077699471316358,-0.3607785610442807,-0.3778227639063381,0.00035607443275479717,0.0002304400567076162,-0.0007967491199507231,season-level bootstrap reported in summary.json
full_fbs_imputed,missingness_returning_without_indicators,True,2007;2008;2009;2010;2011;2012;2013;2014;2015;2016;2017;2018;2019;2020;2021;2022;2023;2024;2025,19,2391,-0.005398124964412189,0.0,7,4,8,0.05529145715941386,-0.055353572943957374,-0.0012779405452296086,-0.3534404865323727,-0.3701077206730171,0.0004139025005341364,0.00024243857909991858,-0.0008628154679905348,season-level bootstrap reported in summary.json
full_fbs_imputed,missingness_talent_with_indicators,True,2007;2008;2009;2010;2011;2012;2013;2014;2015;2016;2017;2018;2019;2020;2021;2022;2023;2024;2025,19,2391,-0.0027249514727246157,6.650966492216526e-06,9,10,0,0.0140124289636967,-0.018272427928028634,-0.00025865460954367355,-0.1768510560537033,-0.04173842223911743,-0.00036422219295704,-0.00035554241473952726,-0.0002488584280984903,season-level bootstrap reported in summary.json
full_fbs_imputed,missingness_talent_without_indicators,True,2007;2008;2009;2010;2011;2012;2013;2014;2015;2016;2017;2018;2019;2020;2021;2022;2023;2024;2025,19,2391,-0.0027210752878762926,-8.881784197001252e-16,8,2,9,0.014187064843143027,-0.018187928969771505,-0.0002571334821457254,-0.17724819671283593,-0.043828252424959066,-0.0003639914724210197,-0.00034552637384392427,-0.00021758957009022076,season-level bootstrap reported in summary.json
interaction_interaction_coach_total,interaction_coach_total,True,2017;2018;2019;2020;2021;2022;2023;2024;2025,9,930,-0.018793820222336284,-0.024061224546316318,7,2,0,0.033747451131398876,-0.05447326739782721,-0.0027808512548841285,-0.7411198115196156,-0.6972235437100301,0.0004001640026026165,0.001087898485617499,-0.0016485467442030942,season-level bootstrap reported in summary.json
interaction_interaction_talent_passing,interaction_talent_passing,True,2018;2019;2020;2021;2022;2023;2024;2025,8,1039,0.02721818333648962,0.004294097793485108,3,5,0,0.22125995408725085,-0.02336795790018087,-7.758848453384183e-05,-0.11222221344902517,-0.03435233685638295,-0.0006169676477076965,-0.0010195612661859478,-0.0005528451684930248,season-level bootstrap reported in summary.json
interaction_interaction_talent_total,interaction_talent_total,True,2018;2019;2020;2021;2022;2023;2024;2025,8,1039,-0.018051565423525373,-0.023158871045354523,5,3,0,0.026815457195375814,-0.0558624598891857,-0.0025294485030988717,-0.7339271271132288,-0.5492182193919253,-0.0007428664659025498,-0.0010802746650819448,-0.0018843254380827125,season-level bootstrap reported in summary.json
same_all_context,same_coach,True,2018;2019;2020;2021;2022;2023;2024;2025,8,818,0.000944921165153989,0.0009183198458240227,4,4,0,0.011151519891951622,-0.00608299759730091,-0.00015172811326866383,-0.12450922642785267,-0.0751857446464479,0.00032273904039501627,0.001308589802856028,0.0008072134927104109,season-level bootstrap reported in summary.json
same_all_context,same_coach_returning,True,2018;2019;2020;2021;2022;2023;2024;2025,8,818,-0.011873017957837684,-0.019914000525220743,5,3,0,0.03997877901532032,-0.04989204095763711,-0.0019208615298875135,-0.5682012592411629,-0.49459290139027967,0.0004628391701761201,0.0011807258971430579,-0.0007007329876907919,season-level bootstrap reported in summary.json
same_all_context,same_full_c,True,2018;2019;2020;2021;2022;2023;2024;2025,8,818,-0.018530330194836964,-0.018496507826205377,6,2,0,0.02048385712003853,-0.0661363748258168,-0.003001145555894735,-0.9370537531094048,-0.8466610936755399,-0.00025953605357128607,0.0002896300703009447,-0.0023242603488244163,season-level bootstrap reported in summary.json
same_all_context,same_h,True,2018;2019;2020;2021;2022;2023;2024;2025,8,818,0.0,0.0,0,0,8,0.0,0.0,0.0,0.0,0.0,0.0,0.0,0.0,season-level bootstrap reported in summary.json
same_all_context,same_recruiting,True,2018;2019;2020;2021;2022;2023;2024;2025,8,818,-0.007950486388729527,-0.00943110340504516,6,2,0,0.01508921602886737,-0.027515504637387167,-0.0012452784502792122,-0.3478928631624969,-0.39207478050337663,-0.0007028431563610825,-0.00175693739637694,-0.0026524206625566675,season-level bootstrap reported in summary.json
same_all_context,same_recruiting_returning,True,2018;2019;2020;2021;2022;2023;2024;2025,8,818,-0.022957052378147713,-0.020082732288936977,6,2,0,0.01277623411505946,-0.06271379386909626,-0.0029279553519823472,-0.7839084619206917,-0.6638776304348699,-0.0008961761900744294,-0.0020799990374619918,-0.003681275347527607,season-level bootstrap reported in summary.json
same_all_context,same_recruiting_talent,True,2018;2019;2020;2021;2022;2023;2024;2025,8,818,-0.0076068709714331995,-0.010211177726884735,6,2,0,0.01493565468227942,-0.025457817959711804,-0.0012062384022466077,-0.33463305239565333,-0.3997035325014111,-0.00067984158018217,-0.0017368057952682411,-0.0025454906424984035,season-level bootstrap reported in summary.json
same_all_context,same_recruiting_talent_returning,True,2018;2019;2020;2021;2022;2023;2024;2025,8,818,-0.022157995742165815,-0.021518940926187557,6,2,0,0.012119410928947083,-0.06280653862603192,-0.002862061612240738,-0.7554954405086023,-0.6872297435573467,-0.0008753811945572515,-0.0020497865459959894,-0.0034332927031599262,season-level bootstrap reported in summary.json
same_all_context,same_returning,True,2018;2019;2020;2021;2022;2023;2024;2025,8,818,-0.014307923857397209,-0.014812723940734518,6,2,0,0.0371722728231072,-0.04783131736525181,-0.0019243742381810681,-0.45080755800481764,-0.41635789670180223,7.957052622171003e-06,-0.00034665394401678764,-0.001616535043212396,season-level bootstrap reported in summary.json
same_all_context,same_talent,True,2018;2019;2020;2021;2022;2023;2024;2025,8,818,-0.001593625560183054,0.0024316337329119975,3,5,0,0.018612651090350596,-0.03492156198049301,-0.0003162460880322491,-0.21435132639522259,-0.16124517020811258,-0.0007356792950035477,-0.0012121513501458982,-0.0013147987956947755,season-level bootstrap reported in summary.json
same_all_context,same_talent_returning,True,2018;2019;2020;2021;2022;2023;2024;2025,8,818,-0.02263230790970805,-0.020885213042470152,6,2,0,0.02553331239983425,-0.07030407707893094,-0.0029207326172505012,-0.7977547868084405,-0.7133107896973692,-0.0007915920703187531,-0.001673467650118636,-0.0031571579130737094,season-level bootstrap reported in summary.json
same_rtp,rtp_h,True,2018;2019;2020;2021;2022;2023;2024;2025,8,1028,0.0,0.0,0,0,8,0.0,0.0,0.0,0.0,0.0,0.0,0.0,0.0,season-level bootstrap reported in summary.json
same_rtp,rtp_recruiting,True,2018;2019;2020;2021;2022;2023;2024;2025,8,1028,-0.006619295139454806,-0.008065950357978746,5,3,0,0.016160301789916787,-0.023003483125100033,-0.000759565807016525,-0.26907328628407257,-0.19940720645539756,-0.0006323567041906361,-0.0013601622016549408,-0.001546145007798515,season-level bootstrap reported in summary.json
same_rtp,rtp_recruiting_talent,True,2018;2019;2020;2021;2022;2023;2024;2025,8,1028,-0.00653148889673183,-0.008608904223323943,5,3,0,0.015548786366816891,-0.022928591702704004,-0.0007603681821189128,-0.2653406841210253,-0.2120359091598072,-0.0006212527162741135,-0.0013778487224794852,-0.001524700057897302,season-level bootstrap reported in summary.json
same_rtp,rtp_recruiting_talent_returning,True,2018;2019;2020;2021;2022;2023;2024;2025,8,1028,-0.020333605916836084,-0.027483529138524254,5,3,0,0.038191689118370675,-0.060888643389787944,-0.002607750828619821,-0.8495798164616866,-0.6521363720624858,-0.0008535217301874126,-0.0014024085330688486,-0.0025630897514119337,season-level bootstrap reported in summary.json
same_rtp,rtp_returning,True,2018;2019;2020;2021;2022;2023;2024;2025,8,1028,-0.011929104231978571,-0.030558221604449542,5,3,0,0.05603362158782765,-0.04250289321374634,-0.0019181820659819292,-0.5526582712077062,-0.41307803068352555,-0.00010528585628365715,-6.907005223444947e-06,-0.0012644725996664719,season-level bootstrap reported in summary.json
same_rtp,rtp_talent,True,2018;2019;2020;2021;2022;2023;2024;2025,8,1028,-0.002319425313443979,-0.001893449986035911,4,4,0,0.020094703640123335,-0.024091505704003424,-9.379938008463769e-05,-0.12182158475043625,-0.03656120685517816,-0.0006963074299346085,-0.0010681070015009968,-0.0008148499922643613,season-level bootstrap reported in summary.json
single_coach,single_coach,True,2007;2008;2009;2010;2011;2012;2013;2014;2015;2016;2017;2018;2019;2020;2021;2022;2023;2024;2025,19,1907,-0.0006424967773967008,-0.0008235547800490295,10,9,0,0.00878791163328696,-0.009225347101958548,-0.00016478700834959178,-0.026077708417474248,-0.04664641511458057,0.00024620058481876397,0.00038096332237797106,-3.805297525100646e-05,season-level bootstrap reported in summary.json
single_recruiting_all,single_recruiting_all,True,2008;2009;2010;2011;2012;2013;2014;2015;2016;2017;2018;2019;2020;2021;2022;2023;2024;2025,18,2238,-0.010987494168899166,-0.015172304762988365,16,2,0,0.04607823437340208,-0.03707349873671539,-0.0014030983046761816,-0.4374746005991028,-0.29709960516092615,-0.0003362693218595963,-0.00038555784853071723,-0.0012222071737546297,season-level bootstrap reported in summary.json
single_recruiting_current,single_recruiting_current,True,2007;2008;2009;2010;2011;2012;2013;2014;2015;2016;2017;2018;2019;2020;2021;2022;2023;2024;2025,19,2381,-0.010488339525366307,-0.012189585498231459,15,4,0,0.03500803677566022,-0.031448687807520415,-0.0012625902649828886,-0.38313892753108136,-0.22739733738897527,-0.00020183717018769284,-0.0002567170779900839,-0.0010758302538970601,season-level bootstrap reported in summary.json
single_recruiting_history,single_recruiting_history,True,2008;2009;2010;2011;2012;2013;2014;2015;2016;2017;2018;2019;2020;2021;2022;2023;2024;2025,18,2238,-0.012407843184340283,-0.014769845747971022,15,3,0,0.013577771918308557,-0.03362117459628955,-0.0015372120585274043,-0.3977842123717278,-0.31711151393639603,-0.0005962461819447756,-0.0005241452572999494,-0.0011840075288172308,season-level bootstrap reported in summary.json
single_returning_all,single_returning_all,True,2017;2018;2019;2020;2021;2022;2023;2024;2025,9,1169,-0.017757916660420925,-0.030600094869320138,6,3,0,0.05886179089678034,-0.06889854752451896,-0.002509109216264129,-0.6658388847254434,-0.5850756124740271,-0.00021862462371734207,-0.00022586874314546398,-0.001625221230757747,season-level bootstrap reported in summary.json
single_returning_passing,single_returning_passing,True,2017;2018;2019;2020;2021;2022;2023;2024;2025,9,1169,-0.00013369306811375183,-0.00018502667257092043,6,3,0,0.0003240869509877342,-0.0007252277010945107,-2.9109797869157474e-05,-0.0077528430041364045,0.0034924813136715865,4.3411075054373357e-07,-1.088924635404831e-05,-4.942868921125702e-06,season-level bootstrap reported in summary.json
single_returning_skill,single_returning_skill,True,2017;2018;2019;2020;2021;2022;2023;2024;2025,9,1169,-0.01229554598507142,-0.017618368993849387,7,2,0,0.04849435031429472,-0.05194415448684886,-0.0015709540292977381,-0.382403567452277,-0.2596563523264648,-0.00015146580812376055,-0.00044921602799811576,-0.0012216450999956172,season-level bootstrap reported in summary.json
single_returning_total,single_returning_total,True,2017;2018;2019;2020;2021;2022;2023;2024;2025,9,1169,-0.018611816447919673,-0.028105614259930967,6,3,0,0.040206249716118414,-0.0637951865799824,-0.002751980822202073,-0.7275214949163554,-0.6849956881540208,-0.0001761015942640578,-3.0103493141984113e-05,-0.00161846593969555,season-level bootstrap reported in summary.json
single_talent,single_talent,True,2018;2019;2020;2021;2022;2023;2024;2025,8,1039,-0.0027548077721971653,-0.0028801364634456483,4,4,0,0.020810431152861852,-0.020954594368872925,-0.00012620843840312028,-0.11494575864914314,-0.027386384975812916,-0.0006772653447150632,-0.0010382470979672567,-0.0006911619693068518,season-level bootstrap reported in summary.json
