season,period,cutoff_label,cutoff_index,is_final_cutoff,prior_family,candidate,n_teams,nll,crps,interval_80_coverage,interval_80_width,mean_entropy,mean_max_probability
2022,final_2022_2025,q1_2022-08-27,0,False,context,v1,131,4.46020139944818,0.07373297771583764,0.8267267543456268,70.35114503816794,4.4775861178350835,0.026497333500565576
2022,final_2022_2025,q1_2022-08-27,0,False,context,a,131,4.460345321593579,0.07374722632739017,0.8261749287225236,70.35114503816794,4.477651233775745,0.02649715338335517
2022,final_2022_2025,q1_2022-08-27,0,False,context,b,131,4.460868887406565,0.07381346922142779,0.8249793065391336,70.32824427480917,4.477369577688687,0.026524840766883558
2022,final_2022_2025,q1_2022-08-27,0,False,context,c,131,4.460758267673671,0.07378679925431739,0.8258070449737882,70.36641221374046,4.4774807241896415,0.02651892755791768
2022,final_2022_2025,q1_2022-08-27,0,False,context,ypp_supported,131,4.45934372664186,0.07359756896340267,0.8271866090315461,70.33587786259542,4.477931654739594,0.02649369633610272
2022,final_2022_2025,q1_2022-08-27,0,False,history,v1,131,4.519058671900622,0.08158211774035715,0.8455807964683161,74.72519083969466,4.5399177080406545,0.023607467931219418
2022,final_2022_2025,q1_2022-08-27,0,False,history,a,131,4.519229634158444,0.08159926509709366,0.8456727674054999,74.72519083969466,4.539985813907091,0.023605481869377505
2022,final_2022_2025,q1_2022-08-27,0,False,history,b,131,4.519854658456135,0.08167728716820287,0.8445691161592938,74.74045801526718,4.5396855390520985,0.023637460460367677
2022,final_2022_2025,q1_2022-08-27,0,False,history,c,131,4.519691968317809,0.08164093472653153,0.8446610870964776,74.74809160305344,4.539819075683548,0.023629831565213255
2022,final_2022_2025,q1_2022-08-27,0,False,history,ypp_supported,131,4.51798499922175,0.08140164878163916,0.8463165639657868,74.77862595419847,4.540545975802804,0.023597598765872016
2022,final_2022_2025,q2_2022-09-25,1,False,context,v1,131,4.231104889440128,0.0488513324333302,0.7825807044973789,45.3206106870229,4.093399838401268,0.03903189045298241
2022,final_2022_2025,q2_2022-09-25,1,False,context,a,131,4.22305785337433,0.04833464612468528,0.7863515129219167,45.13740458015267,4.089614512502869,0.039131311360462745
2022,final_2022_2025,q2_2022-09-25,1,False,context,b,131,4.226701737238314,0.04836361739221272,0.7874551641681229,45.12213740458015,4.089127495963139,0.03909511178516548
2022,final_2022_2025,q2_2022-09-25,1,False,context,c,131,4.230581892742877,0.04863977878092163,0.784971948864159,45.25190839694657,4.091144739369459,0.03904413565068699
2022,final_2022_2025,q2_2022-09-25,1,False,context,ypp_supported,131,4.211464048282943,0.047200491468645626,0.7857077163616297,44.44274809160305,4.0752380239655235,0.0396349205452478
2022,final_2022_2025,q2_2022-09-25,1,False,history,v1,131,4.252437367719801,0.05125726811323321,0.7900303504092706,46.6793893129771,4.125219071696682,0.03699925313332061
2022,final_2022_2025,q2_2022-09-25,1,False,history,a,131,4.244497025262242,0.05070807414960491,0.7906741469695576,46.54961832061068,4.121269584940077,0.037096192267273516
2022,final_2022_2025,q2_2022-09-25,1,False,history,b,131,4.2503342356114695,0.050887579845220854,0.7871792513565713,46.404580152671755,4.119708699059088,0.037112762031358895
2022,final_2022_2025,q2_2022-09-25,1,False,history,c,131,4.253679370597673,0.0511416893675738,0.7863515129219167,46.54961832061068,4.121884365593667,0.03705780000946773
2022,final_2022_2025,q2_2022-09-25,1,False,history,ypp_supported,131,4.2328413033363175,0.04938531718332753,0.7889266991630645,45.69465648854962,4.104994937659746,0.03763252054741649
2022,final_2022_2025,q3_2022-10-16,2,False,context,v1,131,4.129211041665256,0.03955850709857034,0.7651981973696311,38.11450381679389,3.9558826049764373,0.04244785925335043
2022,final_2022_2025,q3_2022-10-16,2,False,context,a,131,4.120734243155213,0.039102635808378666,0.7642784879977926,37.89312977099237,3.9509628240742933,0.04267747495666083
2022,final_2022_2025,q3_2022-10-16,2,False,context,b,131,4.128124502886114,0.039323540000160466,0.7599558539501517,37.74809160305343,3.948825883210539,0.0427376589419941
2022,final_2022_2025,q3_2022-10-16,2,False,context,c,131,4.130343608372594,0.03946331893926397,0.764646371746528,37.847328244274806,3.9520588157618013,0.04256460033238818
2022,final_2022_2025,q3_2022-10-16,2,False,context,ypp_supported,131,4.114887975775299,0.03882706878557451,0.7617033017566448,37.29007633587786,3.9360519178196984,0.04326722677919219
2022,final_2022_2025,q3_2022-10-16,2,False,history,v1,131,4.136710613225598,0.040861516383104916,0.7617952726938289,38.98473282442748,3.983549200267577,0.04031683654698804
2022,final_2022_2025,q3_2022-10-16,2,False,history,a,131,4.12860877973334,0.040442871301253944,0.7625310401912996,38.732824427480914,3.9781560535966354,0.040597132980424076
2022,final_2022_2025,q3_2022-10-16,2,False,history,b,131,4.1380225522535365,0.04072675941484539,0.75609307458843,38.603053435114504,3.9761958773661683,0.040640157683651625
2022,final_2022_2025,q3_2022-10-16,2,False,history,c,131,4.140198863754402,0.040862316399034274,0.7594040283270486,38.732824427480914,3.979592686112663,0.04043926893129299
2022,final_2022_2025,q3_2022-10-16,2,False,history,ypp_supported,131,4.125047319111711,0.04027346385321165,0.7528740917869953,37.99236641221374,3.9605756118889484,0.04127926265884207
2022,final_2022_2025,q4_2022-11-09,3,False,context,v1,131,3.9904433950064595,0.029970217834983496,0.7655660811183668,33.045801526717554,3.8340940194507738,0.046513302696231676
2022,final_2022_2025,q4_2022-11-09,3,False,context,a,131,3.9899916643302884,0.029926783524846998,0.7648303136208958,32.87786259541985,3.827672006999169,0.046802154134234684
2022,final_2022_2025,q4_2022-11-09,3,False,context,b,131,3.9919522838438035,0.02982486463582142,0.7663018486158374,32.74809160305343,3.8258994161592907,0.04676093894807677
2022,final_2022_2025,q4_2022-11-09,3,False,context,c,131,3.994132892883499,0.030017877799016674,0.7638186333118735,32.908396946564885,3.830366201167578,0.046502444319087136
2022,final_2022_2025,q4_2022-11-09,3,False,context,ypp_supported,131,4.006668726962716,0.030976127909886957,0.7553573070909593,32.51145038167939,3.8169919162184214,0.047193121832631205
2022,final_2022_2025,q4_2022-11-09,3,False,history,v1,131,3.994105164405072,0.03036352763010565,0.7673135289248598,33.6412213740458,3.8569058216094594,0.04461525151418092
2022,final_2022_2025,q4_2022-11-09,3,False,history,a,131,3.99463511760215,0.030419772328085928,0.7691529476685368,33.42748091603053,3.8497560993494324,0.04497108248082513
2022,final_2022_2025,q4_2022-11-09,3,False,history,b,131,3.996725649635887,0.030274897756221577,0.7682332382966983,33.38167938931298,3.8485105537883024,0.04487502774926011
2022,final_2022_2025,q4_2022-11-09,3,False,history,c,131,3.9991171570261823,0.030455985173142453,0.7681412673595144,33.51145038167939,3.8533104910385347,0.04458700698694947
2022,final_2022_2025,q4_2022-11-09,3,False,history,ypp_supported,131,4.017386163914134,0.031901821679450305,0.75370183022165,32.86259541984733,3.8364581155559727,0.04551163697379346
2022,final_2022_2025,q5_2022-11-27,4,False,context,v1,131,3.8080232079717358,0.01952817784402722,0.7991354731904718,29.229007633587788,3.7237259027139253,0.05016718951485288
2022,final_2022_2025,q5_2022-11-27,4,False,context,a,131,3.8134648088629075,0.019810034222448664,0.7961924032005887,29.022900763358777,3.716623401400943,0.05052281841829099
2022,final_2022_2025,q5_2022-11-27,4,False,context,b,131,3.818223204915337,0.019866017715793206,0.7967442288236917,28.923664122137403,3.7147772691496974,0.050467595069361264
2022,final_2022_2025,q5_2022-11-27,4,False,context,c,131,3.8162545706571946,0.019782558851180906,0.7988595603789204,29.206106870229007,3.7205878244992707,0.050073229432582876
2022,final_2022_2025,q5_2022-11-27,4,False,context,ypp_supported,131,3.8354000817187535,0.020966942626475735,0.7835923848064013,28.633587786259543,3.703207829640328,0.05120156647485848
2022,final_2022_2025,q5_2022-11-27,4,False,history,v1,131,3.8059107849326193,0.019330002134836967,0.8084245378460407,29.709923664122137,3.7426881038693844,0.04856234642861349
2022,final_2022_2025,q5_2022-11-27,4,False,history,a,131,3.8106623179044576,0.019601739190860924,0.803917961924032,29.412213740458014,3.7352843585516733,0.04894873160356715
2022,final_2022_2025,q5_2022-11-27,4,False,history,b,131,3.815921056470753,0.019697716212042457,0.8025383978662742,29.35114503816794,3.7337119783893704,0.04882592766401646
2022,final_2022_2025,q5_2022-11-27,4,False,history,c,131,3.8145529881439324,0.019622821673539403,0.8049296422330544,29.541984732824428,3.739681797366271,0.048418530347201144
2022,final_2022_2025,q5_2022-11-27,4,False,history,ypp_supported,131,3.8378696202474556,0.021151842882154156,0.7821208498114597,28.931297709923665,3.7201474077742915,0.04968484205136756
2022,final_2022_2025,q6_2022-12-23,5,False,context,v1,131,3.78387099387483,0.01807754160742948,0.805665409730525,28.885496183206108,3.715346297986932,0.050240354246610705
2022,final_2022_2025,q6_2022-12-23,5,False,context,a,131,3.787729865604375,0.018256998481535402,0.8017106594316196,28.633587786259543,3.7083936915870863,0.050529988509975796
2022,final_2022_2025,q6_2022-12-23,5,False,context,b,131,3.7930878069916734,0.01835546315942993,0.8015267175572519,28.519083969465647,3.705990241421231,0.05049794380923172
2022,final_2022_2025,q6_2022-12-23,5,False,context,c,131,3.791825926626691,0.018318008569889056,0.801434746620068,28.64885496183206,3.7117497960855617,0.05012889807129871
2022,final_2022_2025,q6_2022-12-23,5,False,context,ypp_supported,131,3.8049551983988774,0.019094091267874844,0.7900303504092706,28.236641221374047,3.695262430879816,0.0512370045800876
2022,final_2022_2025,q6_2022-12-23,5,False,history,v1,131,3.7754548795007077,0.01747276793380759,0.8054814678561575,29.3206106870229,3.7346049520076545,0.04865518732175332
2022,final_2022_2025,q6_2022-12-23,5,False,history,a,131,3.778602502082824,0.01764206054226613,0.8039179619240319,29.106870229007633,3.7273742721016316,0.04897776063470425
2022,final_2022_2025,q6_2022-12-23,5,False,history,b,131,3.7849343865985996,0.01780247764719458,0.801434746620068,29.053435114503817,3.725274945221786,0.048882141285064386
2022,final_2022_2025,q6_2022-12-23,5,False,history,c,131,3.784357289101172,0.017775965949533856,0.8035500781752966,29.137404580152673,3.7311596014546176,0.0485090908102487
2022,final_2022_2025,q6_2022-12-23,5,False,history,ypp_supported,131,3.802042440643806,0.018918036157656425,0.7847880069897912,28.603053435114504,3.7125722438320583,0.049756330799874106
2022,final_2022_2025,q7_2023-01-10,6,True,context,v1,131,3.7953128611502134,0.018409233383537418,0.7970201416352432,28.31297709923664,3.6988025031788214,0.05150686314567564
2022,final_2022_2025,q7_2023-01-10,6,True,context,a,131,3.79840945494254,0.01851355292507241,0.7962843741377724,28.206106870229007,3.6916266181334594,0.05183797727375348
2022,final_2022_2025,q7_2023-01-10,6,True,context,b,131,3.8037810424480667,0.018604202426844695,0.7996872988135749,28.076335877862597,3.689446833167327,0.051805443225535514
2022,final_2022_2025,q7_2023-01-10,6,True,context,c,131,3.8031986016868813,0.018626983108908268,0.7991354731904718,28.297709923664122,3.6952185236693764,0.05143575893045651
2022,final_2022_2025,q7_2023-01-10,6,True,context,ypp_supported,131,3.815473057760881,0.019311428941425787,0.785523774487262,27.83969465648855,3.680159555272082,0.052443648945087386
2022,final_2022_2025,q7_2023-01-10,6,True,history,v1,131,3.7767921780192744,0.017416918390860472,0.8036420491124805,28.83206106870229,3.718289677941872,0.050004836701466306
2022,final_2022_2025,q7_2023-01-10,6,True,history,a,131,3.779367987133199,0.017530645460000126,0.8029062816150097,28.641221374045802,3.71080484913426,0.050381357610716916
2022,final_2022_2025,q7_2023-01-10,6,True,history,b,131,3.786189855888737,0.01770414002687074,0.7974799963211626,28.52671755725191,3.7089429010430166,0.050267696066883825
2022,final_2022_2025,q7_2023-01-10,6,True,history,c,131,3.7858307598365015,0.017709729550547712,0.7995033569392072,28.740458015267176,3.7148862324224363,0.04988992644188406
2022,final_2022_2025,q7_2023-01-10,6,True,history,ypp_supported,131,3.8025555669112463,0.01877331534587871,0.7857996872988136,28.198473282442748,3.6976291685474307,0.0510727800166044
2023,final_2022_2025,q1_2023-08-26,0,False,context,v1,133,4.477871770003612,0.07302493075063918,0.8589717537085958,70.23308270676692,4.47146422065899,0.026179981572394
2023,final_2022_2025,q1_2023-08-26,0,False,context,a,133,4.477189492174838,0.07296840366025965,0.8589717537085958,70.203007518797,4.471404243442312,0.026184775553086716
2023,final_2022_2025,q1_2023-08-26,0,False,context,b,133,4.47682457483743,0.07293074050653013,0.8585653322495428,70.22556390977444,4.471457381009856,0.0261865832684981
2023,final_2022_2025,q1_2023-08-26,0,False,context,c,133,4.477327985956689,0.07296866198975772,0.8587685429790693,70.21804511278195,4.4715366988520255,0.026181588059211714
2023,final_2022_2025,q1_2023-08-26,0,False,context,ypp_supported,133,4.477066899961695,0.0729626543506974,0.8580573054257264,70.14285714285714,4.470071022703684,0.026227952255129968
2023,final_2022_2025,q1_2023-08-26,0,False,history,v1,133,4.492460046542658,0.07424111050814802,0.8651696809591547,75.97744360902256,4.556909074082049,0.022878862167797952
2023,final_2022_2025,q1_2023-08-26,0,False,history,a,133,4.491883275318856,0.07420102818121568,0.8650680755943915,75.97744360902256,4.556840609872422,0.022886699873365283
2023,final_2022_2025,q1_2023-08-26,0,False,history,b,133,4.491525039008562,0.07416431795238945,0.8651696809591546,75.96992481203007,4.556896619216084,0.02288970515884623
2023,final_2022_2025,q1_2023-08-26,0,False,history,c,133,4.49198347661675,0.07419125089987383,0.8654744970534445,75.99248120300751,4.556967321920797,0.022882755361971922
2023,final_2022_2025,q1_2023-08-26,0,False,history,ypp_supported,133,4.491668598864715,0.0742034262129855,0.8647632595001016,75.90225563909775,4.55561454421762,0.02292459168628055
2023,final_2022_2025,q2_2023-09-23,1,False,context,v1,133,4.357549049006917,0.05923060896079126,0.7401950823003455,45.06015037593985,4.098364252840279,0.034963572966121986
2023,final_2022_2025,q2_2023-09-23,1,False,context,a,133,4.352228698782173,0.05888151936134694,0.7411095305832147,44.909774436090224,4.09466947086784,0.0351062872295124
2023,final_2022_2025,q2_2023-09-23,1,False,context,b,133,4.346915962220095,0.058614350216913955,0.7426336110546637,45.05263157894737,4.0975696382334625,0.03497819135652291
2023,final_2022_2025,q2_2023-09-23,1,False,context,c,133,4.349846049672471,0.058724209027872745,0.7418207681365576,45.090225563909776,4.098511888898123,0.034976198233811526
2023,final_2022_2025,q2_2023-09-23,1,False,context,ypp_supported,133,4.342683775495333,0.05795217965325852,0.7409063198536883,44.3609022556391,4.0829109786974715,0.03554937936214856
2023,final_2022_2025,q2_2023-09-23,1,False,history,v1,133,4.310469425562205,0.05595566530276559,0.767018898597846,47.045112781954884,4.14394100124908,0.03304871873936273
2023,final_2022_2025,q2_2023-09-23,1,False,history,a,133,4.304805881352311,0.05551739871032048,0.7662060556797399,46.86466165413534,4.140193230193577,0.033168189737538496
2023,final_2022_2025,q2_2023-09-23,1,False,history,b,133,4.302212796396393,0.05552307939536439,0.7691526112578744,46.909774436090224,4.142028282720809,0.03308883066288719
2023,final_2022_2025,q2_2023-09-23,1,False,history,c,133,4.304558896428767,0.05563810257467626,0.7680349522454786,46.99248120300752,4.143437582471416,0.033066015549446805
2023,final_2022_2025,q2_2023-09-23,1,False,history,ypp_supported,133,4.292258916154507,0.054157270807648566,0.7698638488112172,46.32330827067669,4.128831293344097,0.03356635845692182
2023,final_2022_2025,q3_2023-10-12,2,False,context,v1,133,4.227488857530451,0.04875807232948138,0.7369437106279212,39.61654135338346,3.9819010738174443,0.03909190557663663
2023,final_2022_2025,q3_2023-10-12,2,False,context,a,133,4.219611687499036,0.04830364533113392,0.737248526722211,39.42857142857143,3.9759606211574154,0.039424996270245864
2023,final_2022_2025,q3_2023-10-12,2,False,context,b,133,4.218760467074061,0.048269034130444775,0.7388742125584231,39.54135338345865,3.9798049000346465,0.039221288045181185
2023,final_2022_2025,q3_2023-10-12,2,False,context,c,133,4.220578950982917,0.048331982920936316,0.7396870554765292,39.65413533834587,3.982587064127291,0.03911321291459852
2023,final_2022_2025,q3_2023-10-12,2,False,context,ypp_supported,133,4.209573422110282,0.047354217247217355,0.7367404998983947,38.93984962406015,3.965569294388499,0.039795746600799195
2023,final_2022_2025,q3_2023-10-12,2,False,history,v1,133,4.173416148177786,0.04488189160456301,0.7650883966673441,40.962406015037594,4.023802168649183,0.03708588175590437
2023,final_2022_2025,q3_2023-10-12,2,False,history,a,133,4.165859237627595,0.04442159059040562,0.7664092664092663,40.774436090225564,4.0175855062632175,0.03740033386372756
2023,final_2022_2025,q3_2023-10-12,2,False,history,b,133,4.167468299769895,0.04462273701206622,0.7663076610445031,40.857142857142854,4.020736308901041,0.03720179973572371
2023,final_2022_2025,q3_2023-10-12,2,False,history,c,133,4.169246347630987,0.04469461462226516,0.762751473277789,41.0,4.023796670919695,0.037093920748768106
2023,final_2022_2025,q3_2023-10-12,2,False,history,ypp_supported,133,4.1567383948720105,0.04357300304303888,0.7645803698435277,40.278195488721806,4.006282743718979,0.03779914142208296
2023,final_2022_2025,q4_2023-11-01,3,False,context,v1,133,4.054295361301251,0.034791677409787725,0.7624466571834992,34.578947368421055,3.860339954890601,0.04312708666784701
2023,final_2022_2025,q4_2023-11-01,3,False,context,a,133,4.0490974387065695,0.034506571545711254,0.7604145498882341,34.3609022556391,3.8531722040111864,0.04351525132473277
2023,final_2022_2025,q4_2023-11-01,3,False,context,b,133,4.048876423631607,0.034510289771997375,0.7639707376549482,34.43609022556391,3.8559784463144764,0.043278268761624425
2023,final_2022_2025,q4_2023-11-01,3,False,context,c,133,4.04949028420848,0.034511082973748046,0.7635643161958953,34.50375939849624,3.85995909436291,0.04308801698228256
2023,final_2022_2025,q4_2023-11-01,3,False,context,ypp_supported,133,4.040004265770521,0.03372991040788555,0.7639707376549482,33.94736842105263,3.8425700955331825,0.0438842939642938
2023,final_2022_2025,q4_2023-11-01,3,False,history,v1,133,3.9808946721628704,0.030187215942385378,0.7938427148953465,35.69924812030075,3.8990639918432497,0.04134700018413391
2023,final_2022_2025,q4_2023-11-01,3,False,history,a,133,3.9757514269745284,0.029951163308472514,0.7934362934362935,35.50375939849624,3.891449009316581,0.04171520139975559
2023,final_2022_2025,q4_2023-11-01,3,False,history,b,133,3.9771239405016328,0.030013492353378707,0.7939443202601099,35.56390977443609,3.8946565142625733,0.041489604357139775
2023,final_2022_2025,q4_2023-11-01,3,False,history,c,133,3.9779275777285434,0.03001624666077665,0.7958748221906117,35.714285714285715,3.8990078937878483,0.0412877409941677
2023,final_2022_2025,q4_2023-11-01,3,False,history,ypp_supported,133,3.9745957817453834,0.029827868121185694,0.787339971550498,35.0,3.8782801778555203,0.042222685580531376
2023,final_2022_2025,q5_2023-11-19,4,False,context,v1,133,3.9834106448612725,0.02994304700278131,0.7577728104043894,30.112781954887218,3.737351865290356,0.04800082894749338
2023,final_2022_2025,q5_2023-11-19,4,False,context,a,133,3.9837755527858127,0.029957420141818725,0.7552326762853079,29.93233082706767,3.7293299991891717,0.04844943672868353
2023,final_2022_2025,q5_2023-11-19,4,False,context,b,133,3.977244650469925,0.02970957851782537,0.7488315383052226,30.007518796992482,3.732822419345178,0.04818976188796459
2023,final_2022_2025,q5_2023-11-19,4,False,context,c,133,3.9737304609589685,0.029520861366346962,0.7593984962406016,30.150375939849624,3.7369292751415912,0.04802195874854343
2023,final_2022_2025,q5_2023-11-19,4,False,context,ypp_supported,133,3.9813101725484064,0.02946235352203325,0.7541150172729121,29.48872180451128,3.7180267411317427,0.04893627541704672
2023,final_2022_2025,q5_2023-11-19,4,False,history,v1,133,3.870025728567568,0.023001259863229147,0.8017679333468808,31.082706766917294,3.7733100699784874,0.0463157639463686
2023,final_2022_2025,q5_2023-11-19,4,False,history,a,133,3.870587890140143,0.023143261224991545,0.7988213777687463,30.827067669172934,3.7647212667507644,0.046755879464179896
2023,final_2022_2025,q5_2023-11-19,4,False,history,b,133,3.8660728655931167,0.022833985665327974,0.7992277992277993,30.81954887218045,3.768507384570706,0.04656980225839872
2023,final_2022_2025,q5_2023-11-19,4,False,history,c,133,3.863553982633689,0.022645280642752195,0.8029871977240399,31.022556390977442,3.7729512910564664,0.04636127276207364
2023,final_2022_2025,q5_2023-11-19,4,False,history,ypp_supported,133,3.8788830391634255,0.023492888724845097,0.7925218451534242,30.345864661654137,3.750870870585482,0.047468224033331605
2023,final_2022_2025,q6_2023-12-22,5,False,context,v1,133,3.97116567710596,0.028872478084691223,0.7382645803698435,28.353383458646615,3.679289150111806,0.0507960138917739
2023,final_2022_2025,q6_2023-12-22,5,False,context,a,133,3.9719465596785892,0.02883553962666938,0.7355212355212355,28.142857142857142,3.6713873117599243,0.051267233457824524
2023,final_2022_2025,q6_2023-12-22,5,False,context,b,133,3.9619836269602224,0.02838508211893437,0.7391790286527129,28.1203007518797,3.6746025952883645,0.05102088821413872
2023,final_2022_2025,q6_2023-12-22,5,False,context,c,133,3.9575298958093232,0.02823803127044647,0.7340987604145498,28.360902255639097,3.678584495454289,0.05083086386852876
2023,final_2022_2025,q6_2023-12-22,5,False,context,ypp_supported,133,3.967640016026475,0.028225184862704398,0.7322698638488113,27.804511278195488,3.6612670239939424,0.05167129437271112
2023,final_2022_2025,q6_2023-12-22,5,False,history,v1,133,3.8315629734201493,0.021072649484634977,0.797195691932534,29.285714285714285,3.716373773064131,0.04881426132928424
2023,final_2022_2025,q6_2023-12-22,5,False,history,a,133,3.8328757987344324,0.021192893431973062,0.7945539524486893,28.992481203007518,3.7078964054431,0.049238585563521925
2023,final_2022_2025,q6_2023-12-22,5,False,history,b,133,3.8262236061926274,0.020741719020201943,0.7978053241211135,29.022556390977442,3.7111981340833764,0.04905948038323383
2023,final_2022_2025,q6_2023-12-22,5,False,history,c,133,3.82245181954034,0.020561366997990282,0.8003454582401952,29.18045112781955,3.715635512092605,0.0488708263972067
2023,final_2022_2025,q6_2023-12-22,5,False,history,ypp_supported,133,3.8412847253503593,0.0214863396835581,0.7859174964438123,28.60902255639098,3.695283544281377,0.049838866024354875
2023,final_2022_2025,q7_2024-01-09,6,True,context,v1,133,3.9437684475832717,0.026808724450114722,0.7644787644787646,27.94736842105263,3.665120862110827,0.05193555717091008
2023,final_2022_2025,q7_2024-01-09,6,True,context,a,133,3.9460988029024233,0.02685501895718151,0.7615322089006301,27.781954887218046,3.657342022367005,0.05246449028035543
2023,final_2022_2025,q7_2024-01-09,6,True,context,b,133,3.935609951440649,0.026346206620568035,0.7564519406624671,27.781954887218046,3.6596404655506896,0.05228572755140634
2023,final_2022_2025,q7_2024-01-09,6,True,context,c,133,3.9296301398960556,0.02613227917875388,0.7602113391587078,27.94736842105263,3.6638869551911966,0.05203893506981858
2023,final_2022_2025,q7_2024-01-09,6,True,context,ypp_supported,133,3.9393945234759573,0.026198598367019862,0.753302174354806,27.43609022556391,3.6485414615206078,0.05294194813073254
2023,final_2022_2025,q7_2024-01-09,6,True,history,v1,133,3.7998124325231775,0.019028457947830188,0.8094899410688885,28.774436090225564,3.70102332313665,0.049951704776505595
2023,final_2022_2025,q7_2024-01-09,6,True,history,a,133,3.802523476129922,0.01921718158776145,0.806136964031701,28.60902255639098,3.6927500785820975,0.05045363040655047
2023,final_2022_2025,q7_2024-01-09,6,True,history,b,133,3.795704206248712,0.018752224424566893,0.8071530176793335,28.57894736842105,3.6950520838710714,0.05032600276803044
2023,final_2022_2025,q7_2024-01-09,6,True,history,c,133,3.790809113160932,0.018508759925946836,0.8109124161755741,28.76691729323308,3.6997357393105554,0.05007697363842866
2023,final_2022_2025,q7_2024-01-09,6,True,history,ypp_supported,133,3.8107474476316208,0.019562734056916616,0.7965860597439545,28.195488721804512,3.681044029602043,0.051104204856537466
2024,final_2022_2025,q1_2024-08-24,0,False,context,v1,134,4.5868565657519484,0.08426267528543432,0.8005970149253732,69.7089552238806,4.450984682048517,0.02819308449005274
2024,final_2022_2025,q1_2024-08-24,0,False,context,a,134,4.586596070683747,0.08423417734785016,0.8005970149253732,69.70149253731343,4.450949575986559,0.028182639985687867
2024,final_2022_2025,q1_2024-08-24,0,False,context,b,134,4.586870541002057,0.08425228795936068,0.8005970149253732,69.70149253731343,4.450832246523072,0.02819069216033194
2024,final_2022_2025,q1_2024-08-24,0,False,context,c,134,4.586944756671649,0.08425953719020378,0.8005970149253732,69.7089552238806,4.450849951521287,0.02819639179245842
2024,final_2022_2025,q1_2024-08-24,0,False,context,ypp_supported,134,4.585462415234964,0.08415968952638687,0.8005970149253732,69.70149253731343,4.450952896017542,0.028187396976185903
2024,final_2022_2025,q1_2024-08-24,0,False,history,v1,134,4.584879784708194,0.08666990687299508,0.8030966787683206,76.6268656716418,4.56266552655964,0.02304759993940878
2024,final_2022_2025,q1_2024-08-24,0,False,history,a,134,4.58445163463178,0.08662961467827088,0.8030966787683206,76.61194029850746,4.562505832208181,0.023049602179430143
2024,final_2022_2025,q1_2024-08-24,0,False,history,b,134,4.584642607741529,0.08665005711694873,0.8030966787683206,76.61194029850746,4.562350595351345,0.02305722842816586
2024,final_2022_2025,q1_2024-08-24,0,False,history,c,134,4.58478081999642,0.08666086581253611,0.8030966787683206,76.6268656716418,4.562448178787668,0.023056239183007064
2024,final_2022_2025,q1_2024-08-24,0,False,history,ypp_supported,134,4.583218870557876,0.08653594499373894,0.8030966787683206,76.61940298507463,4.562526864996515,0.0230475736424142
2024,final_2022_2025,q2_2024-09-27,1,False,context,v1,134,4.331577424783116,0.05458438907986755,0.7721393034825871,46.52985074626866,4.106126845907628,0.03772346179564556
2024,final_2022_2025,q2_2024-09-27,1,False,context,a,134,4.321832416199322,0.05392255910460437,0.7747263681592039,46.507462686567166,4.104466774178854,0.0378477110267287
2024,final_2022_2025,q2_2024-09-27,1,False,context,b,134,4.324607168022311,0.05429829626539763,0.7692537313432836,46.42537313432836,4.103184191562623,0.03781806309661099
2024,final_2022_2025,q2_2024-09-27,1,False,context,c,134,4.326676435096011,0.054415143552181265,0.7727363184079603,46.514925373134325,4.10423406427202,0.03776045009073163
2024,final_2022_2025,q2_2024-09-27,1,False,context,ypp_supported,134,4.307560699167665,0.05328460603855256,0.7764179104477612,45.985074626865675,4.0931267818329085,0.03828394323710169
2024,final_2022_2025,q2_2024-09-27,1,False,history,v1,134,4.296819703961628,0.05357836222054629,0.7807960199004975,48.656716417910445,4.163069412635567,0.034558294976671546
2024,final_2022_2025,q2_2024-09-27,1,False,history,a,134,4.287566764813196,0.05292551938334226,0.7808955223880598,48.61194029850746,4.160783781532236,0.03469535770622336
2024,final_2022_2025,q2_2024-09-27,1,False,history,b,134,4.289784176859248,0.05317985533775565,0.7786069651741294,48.5,4.160137431355027,0.03458961294441424
2024,final_2022_2025,q2_2024-09-27,1,False,history,c,134,4.292813363554923,0.05337839657979612,0.7772139303482588,48.485074626865675,4.161261306453747,0.03452746513072691
2024,final_2022_2025,q2_2024-09-27,1,False,history,ypp_supported,134,4.2824015670914735,0.05281051078343564,0.7826865671641791,47.97014925373134,4.14647344241764,0.03525876498219829
2024,final_2022_2025,q3_2024-10-16,2,False,context,v1,134,4.198284282723586,0.04282722935372931,0.7568159203980099,38.23134328358209,3.9408180915710624,0.04189173101127701
2024,final_2022_2025,q3_2024-10-16,2,False,context,a,134,4.188047799873648,0.04223093537117303,0.7613930348258707,38.156716417910445,3.9372045219959158,0.04205850167445185
2024,final_2022_2025,q3_2024-10-16,2,False,context,b,134,4.188406671741846,0.04243778643523216,0.762089552238806,38.17910447761194,3.9378893245272715,0.041910193540330466
2024,final_2022_2025,q3_2024-10-16,2,False,context,c,134,4.192305455379979,0.04258916403580224,0.7575124378109452,38.23880597014925,3.940069310166821,0.04182465566516641
2024,final_2022_2025,q3_2024-10-16,2,False,context,ypp_supported,134,4.18383577630213,0.04222449730421826,0.7603980099502489,37.6044776119403,3.9215731150696387,0.04284352597743434
2024,final_2022_2025,q3_2024-10-16,2,False,history,v1,134,4.155081727233517,0.04199935446933359,0.7709452736318408,39.649253731343286,3.9893153480241366,0.03919360172071959
2024,final_2022_2025,q3_2024-10-16,2,False,history,a,134,4.145460052033636,0.04140413062399345,0.7754228855721393,39.47761194029851,3.9852382161298077,0.03940218853136782
2024,final_2022_2025,q3_2024-10-16,2,False,history,b,134,4.145219999777197,0.04147965566418394,0.7722388059701494,39.492537313432834,3.985895922306688,0.03921513255253637
2024,final_2022_2025,q3_2024-10-16,2,False,history,c,134,4.150126270144155,0.04172679882664647,0.7712437810945274,39.6044776119403,3.988143125826745,0.039109476004509786
2024,final_2022_2025,q3_2024-10-16,2,False,history,ypp_supported,134,4.153331506131856,0.04222836588690638,0.762089552238806,38.85820895522388,3.9671099530793077,0.04026952416482194
2024,final_2022_2025,q4_2024-11-07,3,False,context,v1,134,4.116804623446043,0.034847026802063245,0.7521393034825873,33.19402985074627,3.813217467585974,0.04649267534193167
2024,final_2022_2025,q4_2024-11-07,3,False,context,a,134,4.113272560907947,0.03454451270723903,0.7503482587064678,33.07462686567164,3.8078452523405217,0.04678807628315407
2024,final_2022_2025,q4_2024-11-07,3,False,context,b,134,4.110190851474583,0.03444608123360134,0.7541293532338309,33.201492537313435,3.8102251395925224,0.046652389219472526
2024,final_2022_2025,q4_2024-11-07,3,False,context,c,134,4.109064959735417,0.03441427089290502,0.7530348258706467,33.24626865671642,3.8135098768508633,0.04648565087833236
2024,final_2022_2025,q4_2024-11-07,3,False,context,ypp_supported,134,4.125751191172664,0.03509123252137747,0.7442786069651742,32.52238805970149,3.79303557969433,0.04761429113934158
2024,final_2022_2025,q4_2024-11-07,3,False,history,v1,134,4.042198410955257,0.03222443911817695,0.774228855721393,34.365671641791046,3.859000309279125,0.043828032763621065
2024,final_2022_2025,q4_2024-11-07,3,False,history,a,134,4.040156450329415,0.03206618736367384,0.7757213930348258,34.208955223880594,3.853031312687431,0.044164034820426724
2024,final_2022_2025,q4_2024-11-07,3,False,history,b,134,4.041023904177795,0.0321137165950268,0.7743283582089553,34.17910447761194,3.8536247786969526,0.04406685829726131
2024,final_2022_2025,q4_2024-11-07,3,False,history,c,134,4.042153846364629,0.03220923548555352,0.7745273631840796,34.3134328358209,3.8565699593710554,0.043928310620953905
2024,final_2022_2025,q4_2024-11-07,3,False,history,ypp_supported,134,4.062272238128262,0.033129554008176645,0.7676616915422886,33.71641791044776,3.836908424362997,0.04507496665564068
2024,final_2022_2025,q5_2024-11-30,4,False,context,v1,134,3.9154481111125374,0.022778467071320745,0.7835820895522388,29.05223880597015,3.701899807568342,0.05029245961922489
2024,final_2022_2025,q5_2024-11-30,4,False,context,a,134,3.9170185412081175,0.022685576636389086,0.7824875621890547,28.895522388059703,3.6957136293078237,0.05066333669330662
2024,final_2022_2025,q5_2024-11-30,4,False,context,b,134,3.9064829935036927,0.022169914029019754,0.7855721393034825,29.05223880597015,3.6999626952896514,0.05034407660455952
2024,final_2022_2025,q5_2024-11-30,4,False,context,c,134,3.903250918195805,0.022040341571367025,0.7880597014925372,29.12686567164179,3.7035345646343494,0.050164945244781774
2024,final_2022_2025,q5_2024-11-30,4,False,context,ypp_supported,134,3.945053147383687,0.023891541520994857,0.7746268656716417,28.64179104477612,3.6859493533584784,0.051261326514576266
2024,final_2022_2025,q5_2024-11-30,4,False,history,v1,134,3.8317128502725475,0.019028016875202985,0.8096517412935323,29.992537313432837,3.741561425896298,0.04781385882819302
2024,final_2022_2025,q5_2024-11-30,4,False,history,a,134,3.837728860135636,0.01927961093256826,0.8062686567164179,29.761194029850746,3.7344507082506446,0.048246540675309806
2024,final_2022_2025,q5_2024-11-30,4,False,history,b,134,3.839339645463642,0.019423890022152758,0.8066666666666666,29.78358208955224,3.7353557322593476,0.0481352896155337
2024,final_2022_2025,q5_2024-11-30,4,False,history,c,134,3.8366931848942802,0.01928488337108743,0.8065671641791045,29.880597014925375,3.7390773381908398,0.04792695871930899
2024,final_2022_2025,q5_2024-11-30,4,False,history,ypp_supported,134,3.880224124824609,0.021312356522603177,0.7941293532338308,29.48507462686567,3.723404712920291,0.04891561966534572
2024,final_2022_2025,q6_2024-12-27,5,False,context,v1,134,3.8535577024438274,0.019631002327912636,0.7960199004975124,28.34328358208955,3.679306011052121,0.051453497831752446
2024,final_2022_2025,q6_2024-12-27,5,False,context,a,134,3.854683884774789,0.01949467557936254,0.7920398009950248,28.21641791044776,3.6728316633388376,0.05191316060457527
2024,final_2022_2025,q6_2024-12-27,5,False,context,b,134,3.8472491860468847,0.019130931344447048,0.7940298507462686,28.291044776119403,3.675442039328708,0.051697996894701274
2024,final_2022_2025,q6_2024-12-27,5,False,context,c,134,3.8431105117574615,0.018938896287351042,0.795820895522388,28.350746268656717,3.6793507170847173,0.05144470494008186
2024,final_2022_2025,q6_2024-12-27,5,False,context,ypp_supported,134,3.8763015303710704,0.020183586071187472,0.7902487562189053,28.01492537313433,3.6649159824770448,0.05240825926613846
2024,final_2022_2025,q6_2024-12-27,5,False,history,v1,134,3.765393475487686,0.015517339063379904,0.8269651741293532,29.276119402985074,3.7175206617561822,0.04918713768546568
2024,final_2022_2025,q6_2024-12-27,5,False,history,a,134,3.7706688519090865,0.01571955541801581,0.8232835820895524,29.08955223880597,3.7101902334747097,0.049683316487821386
2024,final_2022_2025,q6_2024-12-27,5,False,history,b,134,3.7742912796959307,0.015996070552204394,0.8224875621890547,29.044776119402986,3.709885071143426,0.04966762424739298
2024,final_2022_2025,q6_2024-12-27,5,False,history,c,134,3.771177135317766,0.015807513646773887,0.8249751243781095,29.14179104477612,3.7138854422207164,0.04941743777072523
2024,final_2022_2025,q6_2024-12-27,5,False,history,ypp_supported,134,3.806952102702524,0.017357405604209484,0.8125373134328358,28.80597014925373,3.7008698007747722,0.05028357082678634
2024,final_2022_2025,q7_2025-01-21,6,True,context,v1,134,3.821522954137786,0.018353384375126437,0.805771144278607,27.902985074626866,3.663669814206158,0.052338956331441575
2024,final_2022_2025,q7_2025-01-21,6,True,context,a,134,3.824164732853589,0.018318486510750704,0.8039800995024876,27.723880597014926,3.657477011376018,0.05278065919038621
2024,final_2022_2025,q7_2025-01-21,6,True,context,b,134,3.815657913762656,0.0178935477786744,0.8070646766169154,27.865671641791046,3.6605577962914198,0.0525218759337186
2024,final_2022_2025,q7_2025-01-21,6,True,context,c,134,3.8114852530019023,0.017685614884771304,0.8085572139303482,27.992537313432837,3.6643850867884087,0.052263831211041056
2024,final_2022_2025,q7_2025-01-21,6,True,context,ypp_supported,134,3.8484996844742603,0.019167278927524577,0.8006965174129352,27.544776119402986,3.649211053643561,0.0532581044372473
2024,final_2022_2025,q7_2025-01-21,6,True,history,v1,134,3.7298014693440535,0.014003184260968023,0.8382089552238806,28.84328358208955,3.7011439078162933,0.049927837966368016
2024,final_2022_2025,q7_2025-01-21,6,True,history,a,134,3.7366807185221504,0.014292625161850613,0.8340298507462686,28.619402985074625,3.6940650612622483,0.05038676132044496
2024,final_2022_2025,q7_2025-01-21,6,True,history,b,134,3.739954748170212,0.014545694492772352,0.831542288557214,28.64179104477612,3.694312566476929,0.050332362747694
2024,final_2022_2025,q7_2025-01-21,6,True,history,c,134,3.7358818657395307,0.01429747206883806,0.8356218905472637,28.746268656716417,3.6983848447721557,0.050094089666605425
2024,final_2022_2025,q7_2025-01-21,6,True,history,ypp_supported,134,3.773532773261531,0.015971194174868985,0.8206965174129355,28.33582089552239,3.68465516641922,0.05092485644311506
2025,final_2022_2025,q1_2025-08-23,0,False,context,v1,136,4.6391803903094635,0.0840495991650333,0.7956285253827557,70.83823529411765,4.470694029094865,0.02773729921293572
2025,final_2022_2025,q1_2025-08-23,0,False,context,a,136,4.639694175497125,0.08412657912521854,0.7954270749395649,70.82352941176471,4.47054863763892,0.027741341664574815
2025,final_2022_2025,q1_2025-08-23,0,False,context,b,136,4.638787243058304,0.08406575762633371,0.7956285253827557,70.80882352941177,4.470490692656155,0.027745888307421723
2025,final_2022_2025,q1_2025-08-23,0,False,context,c,136,4.63896775151311,0.08407483824646053,0.7954270749395649,70.82352941176471,4.4705675926734125,0.027743876534193114
2025,final_2022_2025,q1_2025-08-23,0,False,context,ypp_supported,136,4.641313902608842,0.08436839135389532,0.7950241740531829,70.79411764705883,4.470248468509778,0.02774911176504328
2025,final_2022_2025,q1_2025-08-23,0,False,history,v1,136,4.564274006842966,0.07825627335496865,0.8406526994359388,78.0,4.582120737761558,0.02269847237293296
2025,final_2022_2025,q1_2025-08-23,0,False,history,a,136,4.5645878297985325,0.07831274736400912,0.8406526994359388,77.97058823529412,4.582031710527063,0.022699595262292323
2025,final_2022_2025,q1_2025-08-23,0,False,history,b,136,4.563818492807117,0.078270352047654,0.8406526994359388,77.9779411764706,4.5819721675632055,0.022703181276255775
2025,final_2022_2025,q1_2025-08-23,0,False,history,c,136,4.564006232908938,0.07827572221611942,0.8406526994359388,77.99264705882354,4.582061503655099,0.022700779612368778
2025,final_2022_2025,q1_2025-08-23,0,False,history,ypp_supported,136,4.565732695751878,0.07850430890875619,0.8405519742143432,77.96323529411765,4.581867816702378,0.022705100957018068
2025,final_2022_2025,q2_2025-09-26,1,False,context,v1,136,4.394030459969223,0.05829525262341556,0.7483883964544722,44.794117647058826,4.083642915376153,0.03693789771874223
2025,final_2022_2025,q2_2025-09-26,1,False,context,a,136,4.395347648522126,0.05821454067569877,0.7470789685737308,44.63970588235294,4.080732621121765,0.03701417328760006
2025,final_2022_2025,q2_2025-09-26,1,False,context,b,136,4.391863045719714,0.05811921457352025,0.7438557614826752,44.588235294117645,4.080569703106665,0.0370112085304528
2025,final_2022_2025,q2_2025-09-26,1,False,context,c,136,4.392682417840156,0.05813884143087672,0.746273166800967,44.75,4.083516984076745,0.03687291701791068
2025,final_2022_2025,q2_2025-09-26,1,False,context,ypp_supported,136,4.40276812657408,0.05860019084930197,0.7414383561643835,43.830882352941174,4.061652927953719,0.03773705878713353
2025,final_2022_2025,q2_2025-09-26,1,False,history,v1,136,4.292316369986599,0.05106381907355642,0.786563255439162,47.11029411764706,4.137890090188182,0.03452352404434583
2025,final_2022_2025,q2_2025-09-26,1,False,history,a,136,4.292845117556915,0.05086246506361683,0.7855560032232072,46.911764705882355,4.134851273459867,0.034640607833746395
2025,final_2022_2025,q2_2025-09-26,1,False,history,b,136,4.28914744952357,0.05066821352147294,0.7845487510072522,46.88235294117647,4.13464840586865,0.03457466367434333
2025,final_2022_2025,q2_2025-09-26,1,False,history,c,136,4.290735096788005,0.050776268224586155,0.7864625302175665,47.01470588235294,4.137413865898475,0.034436936543804475
2025,final_2022_2025,q2_2025-09-26,1,False,history,ypp_supported,136,4.2971761557833545,0.05106578689373243,0.7769943593875908,46.0514705882353,4.11618051095888,0.03534304694008923
2025,final_2022_2025,q3_2025-10-17,2,False,context,v1,136,4.266630535113411,0.047267398916420775,0.7237107171635777,37.52205882352941,3.927876800371997,0.041570086281939506
2025,final_2022_2025,q3_2025-10-17,2,False,context,a,136,4.268885283286663,0.04724831392567951,0.7190773569701854,37.30882352941177,3.9216411418551065,0.04181073143948375
2025,final_2022_2025,q3_2025-10-17,2,False,context,b,136,4.264909920617606,0.04701130561834197,0.721494762288477,37.161764705882355,3.9197393480285685,0.04189379869669709
2025,final_2022_2025,q3_2025-10-17,2,False,context,c,136,4.266993177563368,0.047181912491093776,0.7220991136180499,37.294117647058826,3.924656251604668,0.04167279586678433
2025,final_2022_2025,q3_2025-10-17,2,False,context,ypp_supported,136,4.275849956529073,0.04718875043894481,0.7103142626913779,36.6985294117647,3.903206116955736,0.04257581249825553
2025,final_2022_2025,q3_2025-10-17,2,False,history,v1,136,4.141259614690779,0.03940839660056126,0.7697421434327155,38.89705882352941,3.970671684561551,0.039710415448818835
2025,final_2022_2025,q3_2025-10-17,2,False,history,a,136,4.1439755722474025,0.03945865241475445,0.7682312651087833,38.654411764705884,3.9637631300204994,0.03994968710943617
2025,final_2022_2025,q3_2025-10-17,2,False,history,b,136,4.139367249973686,0.03912612073584382,0.7687348912167606,38.580882352941174,3.962816544561476,0.03996738331309519
2025,final_2022_2025,q3_2025-10-17,2,False,history,c,136,4.141960207370364,0.03933608145365623,0.7709508460918614,38.75735294117647,3.967584228305547,0.03975192038153531
2025,final_2022_2025,q3_2025-10-17,2,False,history,ypp_supported,136,4.156230574451508,0.03981814143521638,0.7587630942788074,37.88235294117647,3.9441229500364794,0.0408178066532475
2025,final_2022_2025,q4_2025-11-09,3,False,context,v1,136,4.124177161310016,0.03636080515666021,0.7215954875100725,32.0735294117647,3.7904171422831325,0.04656349611353106
2025,final_2022_2025,q4_2025-11-09,3,False,context,a,136,4.129701091933523,0.0365740776835418,0.717163577759871,31.794117647058822,3.7827394306322457,0.046922110364015286
2025,final_2022_2025,q4_2025-11-09,3,False,context,b,136,4.130289199508674,0.03648859977411456,0.7185737308622079,31.897058823529413,3.7842539712956658,0.046887308660507096
2025,final_2022_2025,q4_2025-11-09,3,False,context,c,136,4.128510785806035,0.03648139596530514,0.7191780821917808,31.977941176470587,3.789427168624211,0.04662240769565087
2025,final_2022_2025,q4_2025-11-09,3,False,context,ypp_supported,136,4.136552940433135,0.036705127402640425,0.7098106365834004,31.191176470588236,3.764644985224362,0.04762387743726177
2025,final_2022_2025,q4_2025-11-09,3,False,history,v1,136,3.9668128274443393,0.02758243594915696,0.7860596293311846,33.213235294117645,3.8318865943247467,0.04490349442744894
2025,final_2022_2025,q4_2025-11-09,3,False,history,a,136,3.972778698490699,0.02784074663738746,0.7800161160354553,32.93382352941177,3.8237892081274483,0.045257666213082484
2025,final_2022_2025,q4_2025-11-09,3,False,history,b,136,3.97122218957311,0.027606257103216986,0.7835414987912973,33.0735294117647,3.8261320574777025,0.04513430803091906
2025,final_2022_2025,q4_2025-11-09,3,False,history,c,136,3.970197303974522,0.02764271761177116,0.7834407735697018,33.213235294117645,3.8314129529080923,0.0448653120132218
2025,final_2022_2025,q4_2025-11-09,3,False,history,ypp_supported,136,3.9944228272584006,0.028887785013678103,0.7672240128928283,32.25,3.802981666047444,0.046067101059250555
2025,final_2022_2025,q5_2025-12-06,4,False,context,v1,136,4.0540760655330885,0.029928043172400928,0.7219983883964545,28.198529411764707,3.666627171602629,0.05292152338538121
2025,final_2022_2025,q5_2025-12-06,4,False,context,a,136,4.064538505227289,0.030277170295033046,0.7186744560838033,27.985294117647058,3.659407632849489,0.053274310239008284
2025,final_2022_2025,q5_2025-12-06,4,False,context,b,136,4.059513471926055,0.029885390243034684,0.7215954875100725,27.970588235294116,3.661061312256202,0.05321797583262167
2025,final_2022_2025,q5_2025-12-06,4,False,context,c,136,4.0542960732297475,0.029782324845883834,0.7209911361804996,28.13235294117647,3.6661276929948334,0.05292047037365758
2025,final_2022_2025,q5_2025-12-06,4,False,context,ypp_supported,136,4.080632869595568,0.030607827254346416,0.7077961321514907,27.36764705882353,3.64105317089973,0.05410812456233001
2025,final_2022_2025,q5_2025-12-06,4,False,history,v1,136,3.8570104890796597,0.01987367554706364,0.7941176470588235,29.125,3.7037426692689115,0.0512899061242639
2025,final_2022_2025,q5_2025-12-06,4,False,history,a,136,3.866716523853696,0.0202938491988737,0.7897864625302174,28.919117647058822,3.696449275327117,0.051630234409202856
2025,final_2022_2025,q5_2025-12-06,4,False,history,b,136,3.8633432870809554,0.020087841106063025,0.7903908138597904,28.889705882352942,3.6972208587275737,0.051617969293477756
2025,final_2022_2025,q5_2025-12-06,4,False,history,c,136,3.8593111330915755,0.019952635523299924,0.7918009669621274,29.03676470588235,3.7025552906522865,0.051300903866631456
2025,final_2022_2025,q5_2025-12-06,4,False,history,ypp_supported,136,3.9085877601844468,0.022280071921167793,0.769842868654311,28.198529411764707,3.673976099330001,0.05270874163006245
2025,final_2022_2025,q6_2025-12-26,5,False,context,v1,136,4.0888781511352414,0.030548781782804867,0.7118251410153101,27.698529411764707,3.6487369076588796,0.053776910028861105
2025,final_2022_2025,q6_2025-12-26,5,False,context,a,136,4.1001715699826065,0.03088808367059393,0.7065874294923449,27.426470588235293,3.6416643115075136,0.05412609542076454
2025,final_2022_2025,q6_2025-12-26,5,False,context,b,136,4.094165017545751,0.03051454813990484,0.714242546333602,27.544117647058822,3.643737943337701,0.05402324385584839
2025,final_2022_2025,q6_2025-12-26,5,False,context,c,136,4.089819777809067,0.030461332665006672,0.7122280419016922,27.676470588235293,3.6484980455867375,0.053738749146558275
2025,final_2022_2025,q6_2025-12-26,5,False,context,ypp_supported,136,4.1193963850141335,0.031360710624488586,0.6986301369863014,26.897058823529413,3.6230578165510785,0.0549948766213181
2025,final_2022_2025,q6_2025-12-26,5,False,history,v1,136,3.8704487085582335,0.02010221183244118,0.7867647058823529,28.610294117647058,3.6859394980484304,0.05217717575504841
2025,final_2022_2025,q6_2025-12-26,5,False,history,a,136,3.880703537516179,0.020546701011857568,0.7819298952457695,28.41176470588235,3.678613301436757,0.05252495022045771
2025,final_2022_2025,q6_2025-12-26,5,False,history,b,136,3.8757973685383575,0.020276998780149196,0.7834407735697019,28.441176470588236,3.6802408154981427,0.05246002696469884
2025,final_2022_2025,q6_2025-12-26,5,False,history,c,136,3.8716743863014442,0.02013153125016093,0.7869661563255439,28.610294117647058,3.6855448495286147,0.05214412199574769
2025,final_2022_2025,q6_2025-12-26,5,False,history,ypp_supported,136,3.9240226394532387,0.022573306194101615,0.7616841257050764,27.698529411764707,3.655697677533047,0.0537183638609728
2025,final_2022_2025,q7_2026-01-20,6,True,context,v1,136,4.044507524204194,0.027987112913519768,0.7237107171635777,27.419117647058822,3.640424423047018,0.0542184070581382
2025,final_2022_2025,q7_2026-01-20,6,True,context,a,136,4.0566926002831165,0.028354550383468968,0.721494762288477,27.198529411764707,3.6326781998776796,0.054643210971795725
2025,final_2022_2025,q7_2026-01-20,6,True,context,b,136,4.050456449734323,0.028022784702895272,0.7249194198227236,27.176470588235293,3.6343996791856927,0.05459921269128206
2025,final_2022_2025,q7_2026-01-20,6,True,context,c,136,4.04598636944332,0.027946204865024762,0.7228041901692183,27.330882352941178,3.6394588631532816,0.05428216928732986
2025,final_2022_2025,q7_2026-01-20,6,True,context,ypp_supported,136,4.0747031214000735,0.02886290092751709,0.713638195004029,26.647058823529413,3.6139143062748835,0.05547762120547453
2025,final_2022_2025,q7_2026-01-20,6,True,history,v1,136,3.8182078770988994,0.01748570224217938,0.8074133763094279,28.397058823529413,3.6786021446378934,0.05245530829231003
2025,final_2022_2025,q7_2026-01-20,6,True,history,a,136,3.8298348449067903,0.017991943924285197,0.8010676873489122,28.154411764705884,3.6705245703285923,0.052894100607634345
2025,final_2022_2025,q7_2026-01-20,6,True,history,b,136,3.824978148593657,0.017810167451386017,0.8031829170024174,28.147058823529413,3.6719135804302767,0.052831898979999875
2025,final_2022_2025,q7_2026-01-20,6,True,history,c,136,3.8206733639233086,0.01762242058584301,0.8046937953263497,28.301470588235293,3.6775200843321985,0.0524880241080793
2025,final_2022_2025,q7_2026-01-20,6,True,history,ypp_supported,136,3.8723860655680284,0.02006352702306,0.7829371474617243,27.514705882352942,3.6475796075549067,0.0540915562220076
