season,prior_family,candidate,baseline,delta_nll,delta_crps,delta_expected_rank_mae,delta_median_rank_mae,delta_interval_80_coverage,delta_interval_80_width,delta_top5_brier,delta_top10_brier,delta_top25_brier,delta_mean_entropy,delta_mean_max_probability
2022,context,a,v1,0.0030965937923266296,0.00010431954153499248,0.020907966992223415,0.04580152671755666,-0.0007357674974707296,-0.1068702290076331,9.572723747010292e-05,-4.300891358407794e-05,-0.0008412040739092345,-0.00717588504536204,0.0003311141280778404
2022,context,b,v1,0.008468181297853317,0.0001949690433072776,0.019661013876555167,0.07633587786259532,0.0026671571783317694,-0.2366412213740432,0.0002120488883099467,0.00017837594512460937,-0.0013910699877769661,-0.00935567001149451,0.00029858007985987534
2022,context,c,v1,0.007885740536667907,0.0002177497253708499,0.04982489038861715,0.09160305343511421,0.0021153315552286944,-0.015267175572518,0.0001868564325529223,0.0001460245202439623,-0.0005590420792452623,-0.003583979509445001,-7.110421521912963e-05
2022,context,ypp_supported,v1,0.02016019661066748,0.0009021955578883689,0.2118706888261208,0.2137404580152671,-0.01149636714798119,-0.47328244274808995,-1.1953929398309058e-05,-8.69543018588671e-05,-0.0013695728164552952,-0.018642947906739593,0.0009367857994117476
2022,history,a,v1,0.002575809113924521,0.0001137270691396533,0.02871918383127703,0.007633587786259888,-0.0007357674974708406,-0.1908396946564892,0.00010462196499508736,-4.1339580763926145e-05,-0.0007153918528442112,-0.007484828807612143,0.00037652090925061055
2022,history,b,v1,0.009397677869462662,0.000287221636010266,0.08509122582886164,0.04580152671755755,-0.0061620527913178735,-0.3053435114503813,0.00023610775324274047,0.00021610024845415167,-0.0011009370028592785,-0.009346776898855325,0.00026285936541751986
2022,history,c,v1,0.009038581817227165,0.0002928111596872396,0.0817956753375002,0.04580152671755755,-0.0041386921732733395,-0.0916030534351151,0.00021587026232096481,0.00018187733725472804,-0.00045542334821861014,-0.0034034455194356106,-0.00011491025958224738
2022,history,ypp_supported,v1,0.02576338889197194,0.0013563969550182374,0.32077854937150185,0.2671755725190845,-0.01784236181366694,-0.6335877862595432,-2.8768497730545343e-05,-6.783223892343777e-05,-0.0010909886140720755,-0.020660509394441195,0.001067943315138091
2023,context,a,v1,0.0023303553191516,4.629450706678667e-05,-0.06818707457236961,-0.06766917293233199,-0.002946555578134502,-0.16541353383458457,0.00017995371609119508,-0.000142245639331854,-0.00018380749180654452,-0.007778839743822097,0.0005289331094453509
2023,context,b,v1,-0.008158496142622873,-0.0004625178295466874,-0.15660311810101568,-0.20300751879699241,-0.00802682381629749,-0.16541353383458457,-0.0001493420664937092,-0.0003993059652578207,-0.0005262887928349017,-0.005480396560137546,0.0003501703804962633
2023,context,c,v1,-0.014138307687216134,-0.0006764452713608413,-0.1562648856570945,-0.20300751879699241,-0.004267425320056861,0.0,-0.00017115489575875165,-0.0003844724450285438,-0.00023621695361159684,-0.0012339069196305452,0.0001033778989085049
2023,context,ypp_supported,v1,-0.004373924107314409,-0.0006101260830948599,-0.28441559557388807,-0.40601503759398483,-0.011176590123958663,-0.5112781954887211,0.0003681324944114755,1.2674583076658849e-05,-0.0009423444492685298,-0.01657940059021934,0.0010063909598224605
2023,history,a,v1,0.0027110436067445676,0.0001887236399312625,-0.014972096513478306,-0.030075187969925032,-0.00335297703718751,-0.16541353383458457,0.00010443119663845236,-0.00024989605254801227,-3.149333963706202e-05,-0.008273244554552583,0.0005019256300448777
2023,history,b,v1,-0.0041082262744653875,-0.00027623352326329453,-0.15804678589134635,-0.18796992481203034,-0.0023369233895550456,-0.19548872180451227,-0.0001703185432592744,-0.0003642545566449277,-0.00020200861119614583,-0.005971239265578632,0.000374297991524844
2023,history,c,v1,-0.00900331936224541,-0.0005196980218833518,-0.1639799407779563,-0.1804511278195493,0.0014224751066855834,-0.007518796992481924,-0.00017802624540719843,-0.00032718979365477935,-5.8882066359003046e-05,-0.0012875838260946182,0.00012526886192306547
2023,history,ypp_supported,v1,0.010935015108443302,0.0005342761090864276,0.04687880588302651,0.007518796992481036,-0.01290388132493403,-0.5789473684210513,0.0003274044925507258,-4.397782371624512e-05,-0.0003016055675507147,-0.019979293534607034,0.0011525000800318708
2024,context,a,v1,0.002641778715803067,-3.4897864375733195e-05,-0.04067995283356396,-0.014925373134328623,-0.0017910447761193549,-0.17910447761193993,6.721927424912025e-05,0.00020523082040880321,4.026085544683346e-05,-0.0061928028301401206,0.00044170285894463285
2024,context,b,v1,-0.005865040375129915,-0.0004598365964520387,-0.10434877395466113,-0.12686567164179063,0.001293532338308423,-0.03731343283581978,-0.00015737534069948204,0.00019258799462273588,-0.00029358349131352116,-0.003112017914738363,0.00018291960227702353
2024,context,c,v1,-0.010037701135883648,-0.0006677694903551336,-0.16049748155853472,-0.20895522388059717,0.0027860696517412187,0.08955223880597174,-0.00023114028331387183,0.0001850008458093716,-0.0001769300483630918,0.0007152725822505701,-7.512512040051822e-05
2024,context,ypp_supported,v1,0.026976730336474297,0.0008138945523981402,0.23233423974425893,0.17910447761193993,-0.0050746268656717275,-0.35820895522387985,-0.0001951441250380541,-6.786304544756459e-05,0.0019328975585100085,-0.014458760562597206,0.0009191481058057269
2024,history,a,v1,0.006879249178096902,0.0002894409008825892,0.12377079424815918,0.1641791044776113,-0.00417910447761205,-0.2238805970149258,2.3219850429747994e-05,0.0001995089823065739,0.0003847612228685734,-0.007078846554045004,0.00045892335407694135
2024,history,b,v1,0.010153278826158463,0.0005425102318043287,0.25252818023771706,0.2910447761194028,-0.006666666666666599,-0.20149253731343109,-0.00030069966910599606,0.00018008855643883437,0.00022249828891406608,-0.006831341339364361,0.0004045247813259864
2024,history,c,v1,0.0060803963954771945,0.0002942878078700372,0.16398278827039547,0.14179104477611926,-0.002587064676616957,-0.09701492537313428,-0.0003399454116394312,0.00015429768685336354,0.0002029479612038424,-0.002759063044137644,0.00016625170023740893
2024,history,ypp_supported,v1,0.04373130391747759,0.0019680099139009616,0.4935313746128136,0.634328358208955,-0.017512437810945136,-0.5074626865671625,-9.381217788441941e-05,8.128300233069177e-05,0.002937436405001482,-0.016488741397073348,0.000997018476747047
2025,context,a,v1,0.012185076078922386,0.0003674374699491993,0.04898082334663556,0.014705882352940236,-0.002215954875100734,-0.22058823529411598,-8.921735313059719e-05,-7.136699871173723e-05,-0.00030194912171349966,-0.007746223169338595,0.000424803913657526
2025,context,b,v1,0.005948925530129046,3.567178937550347e-05,-0.02796338637876694,-0.0661764705882355,0.001208702659145855,-0.242647058823529,-0.00018306057880639352,-0.00037964662298500384,-0.0003142008038497339,-0.0060247438613254545,0.0003808056331438617
2025,context,c,v1,0.001478845239125448,-4.0908048495005844e-05,-0.04071631605441084,-0.036764705882353255,-0.0009065269943594467,-0.08823529411764497,-0.00014808310418092194,-0.000141801865875835,-0.0002173784602182878,-0.0009655598937365895,6.376222919166064e-05
2025,context,ypp_supported,v1,0.030195597195879387,0.000875788013997323,0.0957094285645308,0.14705882352941124,-0.01007252215954868,-0.7720588235294095,-7.741689771628094e-05,-0.00024755426487314564,-0.0006612404462667601,-0.026510116772134662,0.0012592141473363322
2025,history,a,v1,0.011626967807890853,0.0005062416821058173,0.09487632095611076,0.11029411764705888,-0.006345688960515683,-0.242647058823529,-0.00015496719628534756,-0.00010120297967226247,0.0006058954777815699,-0.008077574309301117,0.0004387923153243156
2025,history,b,v1,0.006770271494757729,0.0003244652092066376,0.088337034654689,0.11029411764705888,-0.004230459307010492,-0.25,-0.00018924715866605168,-0.0006613849848975993,0.0002983053060659907,-0.006688564207616654,0.0003765906876898456
2025,history,c,v1,0.0024654868244091688,0.00013671834366362975,0.043506813057443416,0.0661764705882355,-0.002719580983078229,-0.09558823529411953,-0.00018845196862638056,-0.000542014715411699,0.00010522682992400445,-0.0010820603056949096,3.271581576926724e-05
2025,history,ypp_supported,v1,0.05417818846912903,0.00257782478088062,0.515071416393102,0.6102941176470589,-0.02447622884770362,-0.882352941176471,8.690417973574371e-05,0.00029372363968691376,0.003228370195038431,-0.031022537082986634,0.0016362479296975693
