period,season,pairing,margin_band,site_control,overall_volume_control,n_games,mean_plays_diff,mean_plays_total,more_plays_rate,mean_play_residual,mean_rank_signal_location_shift,quality_slope,quality_spearman,next_margin_slope,next_margin_spearman
development_2018_2021,2018,fbs-fbs,"(-14,0]",home/neutral included as a model covariate,plays_total included as a model covariate,158,-0.34810126582278483,142.94303797468353,0.43037974683544306,-0.040469990137894145,-0.027089676599909213,0.028128799482211257,0.1019825589576743,1.5751589579403116,0.012465948300745473
development_2018_2021,2018,fbs-fbs,"(-28,-14]",home/neutral included as a model covariate,plays_total included as a model covariate,101,-1.9801980198019802,138.95049504950495,0.45544554455445546,0.009489523395021657,-0.04159784394671183,-0.0038727337963779676,-0.033389827547610836,-0.4887238038466925,-0.01825574375370245
development_2018_2021,2018,fbs-fbs,"(0,14]",home/neutral included as a model covariate,plays_total included as a model covariate,215,-0.4790697674418605,141.91162790697675,0.5023255813953489,-0.013240527703550557,0.019934973930561713,0.002514810655146647,-0.00554590084211867,0.054437434122130195,0.006444507146053314
development_2018_2021,2018,fbs-fbs,"(14,28]",home/neutral included as a model covariate,plays_total included as a model covariate,138,5.478260869565218,137.1304347826087,0.6594202898550725,0.20870920693946746,0.04044577087473874,0.023990241237791126,0.05476856127504631,3.4495096573001227,0.07868440037393205
development_2018_2021,2018,fbs-fbs,<=-28,home/neutral included as a model covariate,plays_total included as a model covariate,56,-3.0892857142857144,133.98214285714286,0.375,0.14414892106451677,-0.06026930344967368,-0.024829874494874494,-0.084417026960838,-1.3330606104006208,0.03141611905606292
development_2018_2021,2018,fbs-fbs,>28,home/neutral included as a model covariate,plays_total included as a model covariate,104,3.125,138.125,0.5961538461538461,-0.17503197191459163,0.06245381467819157,0.005188575220137044,0.014925850848180945,-0.7682174814042647,-0.0018939899333515332
development_2018_2021,2018,fbs-fcs,"(-14,0]",home/neutral included as a model covariate,plays_total included as a model covariate,5,2.0,150.8,0.4,0.22791837974177573,0.04488803932765177,-0.13773828455641013,-0.6,-0.31022745126390605,0.09999999999999999
development_2018_2021,2018,fbs-fcs,"(-28,-14]",home/neutral included as a model covariate,plays_total included as a model covariate,2,4.5,137.5,1.0,0.4019021332087629,0.06443641369918585,,,,
development_2018_2021,2018,fbs-fcs,"(0,14]",home/neutral included as a model covariate,plays_total included as a model covariate,18,5.777777777777778,143.33333333333334,0.6666666666666666,0.46583806677311845,0.11925079914732405,0.037466882788208034,0.1413828689370485,4.526413209804605,0.1321631564870559
development_2018_2021,2018,fbs-fcs,"(14,28]",home/neutral included as a model covariate,plays_total included as a model covariate,20,7.15,135.75,0.7,0.2675477326158072,0.13332060150345057,0.015709957631528767,-0.030075187969924807,-2.863950419107734,-0.1090635654412865
development_2018_2021,2018,fbs-fcs,>28,home/neutral included as a model covariate,plays_total included as a model covariate,67,10.059701492537313,139.13432835820896,0.8059701492537313,0.20914086502067977,0.16343574081741263,-0.0014157174632909461,0.00135685210312076,-0.6953085589167961,-0.07385677696874726
development_2018_2021,2019,fbs-fbs,"(-14,0]",home/neutral included as a model covariate,plays_total included as a model covariate,161,1.950310559006211,140.85714285714286,0.5341614906832298,0.13205501189254976,-0.02559473738690105,0.028036581868256263,0.14046181274442143,-1.1845202248054751,-0.02102446281706165
development_2018_2021,2019,fbs-fbs,"(-28,-14]",home/neutral included as a model covariate,plays_total included as a model covariate,94,-0.09574468085106383,136.03191489361703,0.5212765957446809,0.10492126398597353,-0.05072311708854942,0.03614828336651991,0.17163602210743056,5.18167069953084,0.18210919490162006
development_2018_2021,2019,fbs-fbs,"(0,14]",home/neutral included as a model covariate,plays_total included as a model covariate,224,1.2321428571428572,141.25,0.4732142857142857,0.052716799148662785,0.016235969160736486,0.02635285111738806,0.12221188636009184,-0.3357355988691805,0.00537507681284125
development_2018_2021,2019,fbs-fbs,"(14,28]",home/neutral included as a model covariate,plays_total included as a model covariate,126,1.5317460317460319,136.5793650793651,0.5158730158730159,-0.08458875621746843,0.04234234155759323,0.005688502326194209,0.014749178476474743,3.76614934569207,0.10603044664748539
development_2018_2021,2019,fbs-fbs,<=-28,home/neutral included as a model covariate,plays_total included as a model covariate,61,-6.508196721311475,136.18032786885246,0.29508196721311475,-0.030054465183420687,-0.06990179699919269,0.06072165503958754,0.24082496033844525,-0.07322892693687423,0.05180826548191931
development_2018_2021,2019,fbs-fbs,>28,home/neutral included as a model covariate,plays_total included as a model covariate,108,8.63888888888889,133.52777777777777,0.6666666666666666,0.1170420658434634,0.0673795885341933,0.006677160282175129,0.044604494745967775,1.5210128479781664,0.060933515127021776
development_2018_2021,2019,fbs-fcs,"(-14,0]",home/neutral included as a model covariate,plays_total included as a model covariate,2,-6.5,126.5,0.5,-0.17652787423687843,0.013889540228415709,,,,
development_2018_2021,2019,fbs-fcs,"(-28,-14]",home/neutral included as a model covariate,plays_total included as a model covariate,1,4.0,144.0,1.0,0.3412912895499506,-0.006535313670765319,,,,
development_2018_2021,2019,fbs-fcs,"(0,14]",home/neutral included as a model covariate,plays_total included as a model covariate,29,4.0344827586206895,138.10344827586206,0.6206896551724138,0.34485656979279855,0.09710279030630829,-0.021023081855011932,-0.14778325123152705,5.709727835393003,0.16728258699344165
development_2018_2021,2019,fbs-fcs,"(14,28]",home/neutral included as a model covariate,plays_total included as a model covariate,19,2.263157894736842,134.3684210526316,0.5263157894736842,-0.11769167772631081,0.17872148737645355,-0.01811564956610529,-0.06315789473684211,-22.056737917672788,-0.5774463039440687
development_2018_2021,2019,fbs-fcs,>28,home/neutral included as a model covariate,plays_total included as a model covariate,63,10.65079365079365,133.22222222222223,0.7301587301587301,0.14448257090148153,0.1372613875912374,-0.0012448888767706274,-0.04718701996927803,5.698856077523333,0.1612492827893019
development_2018_2021,2020,fbs-fbs,"(-14,0]",home/neutral included as a model covariate,plays_total included as a model covariate,112,-1.1964285714285714,143.03571428571428,0.5,-0.07717835529107997,-0.021686299053701584,0.005156157136481255,0.006560289746130455,-2.833659744004926,-0.11486603461771748
development_2018_2021,2020,fbs-fbs,"(-28,-14]",home/neutral included as a model covariate,plays_total included as a model covariate,73,-1.8356164383561644,137.97260273972603,0.4246575342465753,-0.01381888773930959,-0.04060930492742759,0.007624820848826425,0.0458472170800938,-6.9225569412739985,-0.2619123182333878
development_2018_2021,2020,fbs-fbs,"(0,14]",home/neutral included as a model covariate,plays_total included as a model covariate,157,-0.22929936305732485,141.28662420382165,0.49044585987261147,-0.021179234699941263,0.021553533418564134,-0.012631203840904708,-0.07417250169003776,3.7280367171048865,0.11292607550741197
development_2018_2021,2020,fbs-fbs,"(14,28]",home/neutral included as a model covariate,plays_total included as a model covariate,89,3.5280898876404496,138.20224719101122,0.5280898876404494,0.05055169392598707,0.04151413680465153,0.04767500333686048,0.214896152536602,0.35512175400528,0.03516210398972251
development_2018_2021,2020,fbs-fbs,<=-28,home/neutral included as a model covariate,plays_total included as a model covariate,49,-5.836734693877551,136.57142857142858,0.30612244897959184,-0.01575006063849192,-0.06402286542159424,-4.1349659722404845e-05,0.017653061224489792,1.0592300357927245,0.017301657113533507
development_2018_2021,2020,fbs-fbs,>28,home/neutral included as a model covariate,plays_total included as a model covariate,54,6.518518518518518,133.11111111111111,0.6851851851851852,0.04527915022022705,0.06785662389194826,0.0444402685552685,0.20884314846578994,-3.773225625732414,-0.155843671959126
development_2018_2021,2020,fbs-fcs,"(-14,0]",home/neutral included as a model covariate,plays_total included as a model covariate,1,-38.0,124.0,0.0,-2.026879853810305,0.018782242427131557,,,,
development_2018_2021,2020,fbs-fcs,"(0,14]",home/neutral included as a model covariate,plays_total included as a model covariate,10,8.9,131.5,0.8,0.7125119650209046,0.14213120580771704,0.0028081187067919883,-0.01818181818181818,7.046189104306851,0.10942299786241164
development_2018_2021,2020,fbs-fcs,"(14,28]",home/neutral included as a model covariate,plays_total included as a model covariate,7,-2.0,144.85714285714286,0.2857142857142857,-0.4350643599551918,0.15348893718844173,-0.06692158048705162,-0.3571428571428572,-7.116814017444187,-0.1785714285714286
development_2018_2021,2020,fbs-fcs,>28,home/neutral included as a model covariate,plays_total included as a model covariate,16,7.25,130.5,0.625,-0.11756193844041504,0.11528664499904029,-0.029938048459738697,-0.14705882352941177,-6.527737237252016,-0.2413540020591567
development_2018_2021,2021,fbs-fbs,"(-14,0]",home/neutral included as a model covariate,plays_total included as a model covariate,168,-1.2261904761904763,139.41666666666666,0.42857142857142855,-0.11622692488564973,-0.024345834822722907,0.0038618754710488365,0.05908320431160517,-4.445538995454035,-0.15966680847069414
development_2018_2021,2021,fbs-fbs,"(-28,-14]",home/neutral included as a model covariate,plays_total included as a model covariate,94,1.5319148936170213,136.12765957446808,0.5957446808510638,0.2339302955069968,-0.04434649765363172,0.053374372989156614,0.21036014882780046,1.6334041389228533,0.04999241376209173
development_2018_2021,2021,fbs-fbs,"(0,14]",home/neutral included as a model covariate,plays_total included as a model covariate,234,0.9145299145299145,139.34188034188034,0.5085470085470085,0.05337283756324892,0.019298553113981935,-0.01581836829153555,-0.07659354671939797,0.15578104148927782,0.01982262453340663
development_2018_2021,2021,fbs-fbs,"(14,28]",home/neutral included as a model covariate,plays_total included as a model covariate,125,1.216,135.12,0.472,-0.13826497267206703,0.03864724853052904,-0.0015486564313282967,-0.012132123090833192,3.085812667375478,0.11291735184119009
development_2018_2021,2021,fbs-fbs,<=-28,home/neutral included as a model covariate,plays_total included as a model covariate,65,-7.492307692307692,133.1846153846154,0.3230769230769231,-0.1115962799992833,-0.057068842534991907,0.07369447161579633,0.3624125874125874,0.7964094081341181,0.0629740558980303
development_2018_2021,2021,fbs-fbs,>28,home/neutral included as a model covariate,plays_total included as a model covariate,84,6.2023809523809526,133.82142857142858,0.6547619047619048,-0.015642611079264124,0.0678182577932757,0.04581253234285543,0.2180419155614053,-1.4001603993001461,-0.027492557624344126
development_2018_2021,2021,fbs-fcs,"(-14,0]",home/neutral included as a model covariate,plays_total included as a model covariate,9,-1.6666666666666667,138.55555555555554,0.5555555555555556,0.10206733833690834,0.06176026412461962,-0.10846569493039195,-0.43333333333333335,-0.9358172092801246,-0.16666666666666669
development_2018_2021,2021,fbs-fcs,"(-28,-14]",home/neutral included as a model covariate,plays_total included as a model covariate,3,15.333333333333334,137.33333333333334,1.0,1.0345157318133673,0.06866874552264339,-0.06945757407084571,-0.5,-10.14834231934674,-0.8660254037844387
development_2018_2021,2021,fbs-fcs,"(0,14]",home/neutral included as a model covariate,plays_total included as a model covariate,22,-2.6363636363636362,138.36363636363637,0.45454545454545453,-0.07862125894357158,0.12597850113826828,-0.015275568143630402,-0.06493506493506496,-3.1353692034119347,-0.0966101849101779
development_2018_2021,2021,fbs-fcs,"(14,28]",home/neutral included as a model covariate,plays_total included as a model covariate,26,5.576923076923077,131.42307692307693,0.7307692307692307,0.15880792686701742,0.12286563904110565,-0.023903303905632046,-0.03658119658119658,7.6813715576089745,0.2742818217858473
development_2018_2021,2021,fbs-fcs,>28,home/neutral included as a model covariate,plays_total included as a model covariate,57,11.456140350877194,129.56140350877192,0.7894736842105263,0.2225539432814324,0.16293050643396687,0.023349604862373023,0.014713507907700285,-7.250193550385842,-0.2081618127237885
final_2022_2025,2022,fbs-fbs,"(-14,0]",home/neutral included as a model covariate,plays_total included as a model covariate,190,-0.8157894736842105,138.88947368421051,0.4789473684210526,-0.07116737105291962,-0.019526568263871284,-0.0014738890492807292,-0.01938180475779742,-0.0593758832402761,0.025502961875557537
final_2022_2025,2022,fbs-fbs,"(-28,-14]",home/neutral included as a model covariate,plays_total included as a model covariate,85,-1.776470588235294,137.63529411764705,0.36470588235294116,-0.053600654054639416,-0.0439909685438431,0.04719435091208117,0.24970807948353277,-1.3190669594885434,0.04286126250894463
final_2022_2025,2022,fbs-fbs,"(0,14]",home/neutral included as a model covariate,plays_total included as a model covariate,230,-0.09565217391304348,138.90434782608696,0.4652173913043478,-0.0321795348415311,0.01640751908572094,0.01218637218377142,0.04218475841234878,-0.7108398783952189,-0.024668220528671812
final_2022_2025,2022,fbs-fbs,"(14,28]",home/neutral included as a model covariate,plays_total included as a model covariate,136,3.2794117647058822,136.1764705882353,0.5147058823529411,0.048879229040746285,0.0361872106214889,0.03422714065155838,0.1492942829408449,1.846130439110225,0.09885406506293101
final_2022_2025,2022,fbs-fbs,<=-28,home/neutral included as a model covariate,plays_total included as a model covariate,53,-4.509433962264151,135.11320754716982,0.33962264150943394,0.07447453764253555,-0.04885474625289579,0.0057898872000770735,-0.027576197387518143,3.5644257379202786,0.19319717393527971
final_2022_2025,2022,fbs-fbs,>28,home/neutral included as a model covariate,plays_total included as a model covariate,81,9.938271604938272,131.6172839506173,0.7160493827160493,0.21302956615362037,0.07144718156470274,-0.028662307233090756,-0.0848694945219857,3.8756062955844333,0.13700177672519637
final_2022_2025,2022,fbs-fcs,"(-14,0]",home/neutral included as a model covariate,plays_total included as a model covariate,4,7.25,149.25,0.75,0.7391717274033154,0.06330658840628381,0.01032429535808395,-0.19999999999999998,-2.105601807083545,0.21081851067789195
final_2022_2025,2022,fbs-fcs,"(-28,-14]",home/neutral included as a model covariate,plays_total included as a model covariate,2,13.0,148.0,1.0,0.9211597788893995,0.06560636401446018,,,,
final_2022_2025,2022,fbs-fcs,"(0,14]",home/neutral included as a model covariate,plays_total included as a model covariate,16,-6.0,135.25,0.25,-0.3756132024828548,0.11045612468755747,-0.035586770943453284,-0.15,-4.596708795536211,-0.017660048931157808
final_2022_2025,2022,fbs-fcs,"(14,28]",home/neutral included as a model covariate,plays_total included as a model covariate,25,3.52,132.96,0.56,-0.011292212660627738,0.15011397506581947,0.005029293474231779,0.06615384615384615,-4.755741397408202,-0.317167145559115
final_2022_2025,2022,fbs-fcs,<=-28,home/neutral included as a model covariate,plays_total included as a model covariate,2,-13.5,139.5,0.0,-1.010022188451209,0.10269924942743314,,,,
final_2022_2025,2022,fbs-fcs,>28,home/neutral included as a model covariate,plays_total included as a model covariate,71,10.04225352112676,129.14084507042253,0.7323943661971831,0.1423817840852221,0.1571163755556612,0.02391595710711946,0.032796780684104625,1.508942232357205,0.1209834330530263
final_2022_2025,2023,fbs-fbs,"(-14,0]",home/neutral included as a model covariate,plays_total included as a model covariate,188,-2.271276595744681,133.93085106382978,0.4095744680851064,-0.18602637602724262,-0.023764021337556233,-0.008818904915888623,-0.03816912110968876,-2.050463779743421,-0.05388596177705432
final_2022_2025,2023,fbs-fbs,"(-28,-14]",home/neutral included as a model covariate,plays_total included as a model covariate,93,-0.6989247311827957,133.08602150537635,0.45161290322580644,0.05060235132427935,-0.04277360197663038,0.023873865035237515,0.06218853510787502,-0.900053324018361,-0.011446821876633819
final_2022_2025,2023,fbs-fbs,"(0,14]",home/neutral included as a model covariate,plays_total included as a model covariate,240,-0.4666666666666667,135.725,0.4625,-0.057520930722016486,0.020486209521321918,0.0017824148692096118,-0.015580572397338665,1.4057781775043388,0.06393343252847966
final_2022_2025,2023,fbs-fbs,"(14,28]",home/neutral included as a model covariate,plays_total included as a model covariate,137,2.5693430656934306,132.24817518248176,0.5547445255474452,0.000997875347861957,0.038793885674766604,0.011808262376122793,0.02178351826571925,-2.5467955704373604,-0.12058311980911736
final_2022_2025,2023,fbs-fbs,<=-28,home/neutral included as a model covariate,plays_total included as a model covariate,52,-5.4423076923076925,131.75,0.34615384615384615,0.023459293202872995,-0.06093490734754952,-0.043098491030262115,-0.2194997011867156,1.9542954771251395,0.09552277535795774
final_2022_2025,2023,fbs-fbs,>28,home/neutral included as a model covariate,plays_total included as a model covariate,82,5.097560975609756,131.0487804878049,0.6585365853658537,-0.09127134063638624,0.06789040569360652,-0.053057101003635886,-0.27055648066520827,-2.203943680053108,-0.059364013478825556
final_2022_2025,2023,fbs-fcs,"(-14,0]",home/neutral included as a model covariate,plays_total included as a model covariate,3,0.0,132.0,0.3333333333333333,0.06931000172179047,0.10267964958928173,-0.04350069122628743,-1.0,12.334392183517659,0.5
final_2022_2025,2023,fbs-fcs,"(-28,-14]",home/neutral included as a model covariate,plays_total included as a model covariate,1,4.0,122.0,1.0,0.24643431687268202,0.06869296241911405,,,,
final_2022_2025,2023,fbs-fcs,"(0,14]",home/neutral included as a model covariate,plays_total included as a model covariate,25,-2.0,133.04,0.44,-0.09999195041394798,0.11678898161607161,-0.029129354638588942,-0.09230769230769231,0.1767135807867804,-0.049240239418262964
final_2022_2025,2023,fbs-fcs,"(14,28]",home/neutral included as a model covariate,plays_total included as a model covariate,27,5.074074074074074,126.77777777777777,0.5925925925925926,0.04790372360162406,0.15751057728502604,0.02135935043106606,0.1575091575091575,0.5663424810555243,-0.07639423773381461
final_2022_2025,2023,fbs-fcs,>28,home/neutral included as a model covariate,plays_total included as a model covariate,62,10.161290322580646,128.3548387096774,0.7258064516129032,0.0925575191191944,0.14892228013684203,0.05986642928419794,0.24630455037647003,6.7451148108201355,0.2531904275541683
final_2022_2025,2024,fbs-fbs,"(-14,0]",home/neutral included as a model covariate,plays_total included as a model covariate,191,-0.612565445026178,134.39267015706807,0.47643979057591623,-0.0504884513654833,-0.02213085257158626,-0.0034213454473024482,0.016907242239702722,0.18757003118180315,-0.010081197413324862
final_2022_2025,2024,fbs-fbs,"(-28,-14]",home/neutral included as a model covariate,plays_total included as a model covariate,103,-1.6990291262135921,131.89320388349515,0.4174757281553398,-0.01725823860358894,-0.042803126457786826,0.010314723216389834,0.03182796643676141,-0.1888248970660115,-0.006173636411564623
final_2022_2025,2024,fbs-fbs,"(0,14]",home/neutral included as a model covariate,plays_total included as a model covariate,235,-1.004255319148936,135.3787234042553,0.4851063829787234,-0.06950678648738878,0.01551162727444711,0.021540140088071064,0.0935056637070381,-0.5445471645664637,-0.026409777892735575
final_2022_2025,2024,fbs-fbs,"(14,28]",home/neutral included as a model covariate,plays_total included as a model covariate,133,0.40601503759398494,130.81203007518798,0.48872180451127817,-0.14508594901936175,0.044616609254617655,0.010570368344937483,0.03756357088568208,-0.9080559191251287,0.011668278285840017
final_2022_2025,2024,fbs-fbs,<=-28,home/neutral included as a model covariate,plays_total included as a model covariate,38,-5.394736842105263,128.6578947368421,0.3157894736842105,-0.007190739987168874,-0.06501314608293199,-0.03202067190985721,-0.10208994419520734,11.637320359393877,0.38106703659825975
final_2022_2025,2024,fbs-fbs,>28,home/neutral included as a model covariate,plays_total included as a model covariate,98,7.040816326530612,129.87755102040816,0.673469387755102,0.0723719623643729,0.064643731065131,0.06643672155997486,0.27660361239153575,-1.1023674677290674,-0.04286702869131931
final_2022_2025,2024,fbs-fcs,"(-14,0]",home/neutral included as a model covariate,plays_total included as a model covariate,6,-6.666666666666667,132.33333333333334,0.5,-0.21488942574132044,0.08289531298134035,-0.0583529727435027,-0.2571428571428572,-1.5880473918835323,-0.2571428571428572
final_2022_2025,2024,fbs-fcs,"(0,14]",home/neutral included as a model covariate,plays_total included as a model covariate,16,10.5,132.75,0.6875,0.7192397125645171,0.0907437710859017,-0.05469754760520704,-0.17941176470588235,9.427745097712778,0.25588235294117645
final_2022_2025,2024,fbs-fcs,"(14,28]",home/neutral included as a model covariate,plays_total included as a model covariate,33,1.9696969696969697,129.78787878787878,0.5454545454545454,-0.10797658297316516,0.14669031309470273,0.029662279850046578,0.05247326203208557,2.2772221672485555,0.021070238827360137
final_2022_2025,2024,fbs-fcs,>28,home/neutral included as a model covariate,plays_total included as a model covariate,66,8.257575757575758,125.37878787878788,0.7575757575757576,0.04321746803722371,0.1549671476122066,0.03816498905023175,0.0991754514142574,-1.542351944074222,-0.05355744818846356
final_2022_2025,2025,fbs-fbs,"(-14,0]",home/neutral included as a model covariate,plays_total included as a model covariate,184,-1.9565217391304348,136.0,0.44021739130434784,-0.1314169526057763,-0.027265450859335932,-0.008410966590645013,-0.023658796293846478,0.7003305919590251,0.04924978916504012
final_2022_2025,2025,fbs-fbs,"(-28,-14]",home/neutral included as a model covariate,plays_total included as a model covariate,104,-1.4038461538461537,131.82692307692307,0.4326923076923077,0.03691315738752941,-0.04572418038144935,-0.0034435553186563956,-0.054913048116931616,3.1575110213334536,0.13382084408380254
final_2022_2025,2025,fbs-fbs,"(0,14]",home/neutral included as a model covariate,plays_total included as a model covariate,231,-0.9437229437229437,134.5887445887446,0.42857142857142855,-0.09366858728957175,0.01468829690384283,-0.0035762484155134363,-0.018453462567615063,-0.5223800440753673,-0.012021696533725373
final_2022_2025,2025,fbs-fbs,"(14,28]",home/neutral included as a model covariate,plays_total included as a model covariate,151,2.589403973509934,131.09271523178808,0.5364238410596026,0.015744883146685124,0.04199904179067765,0.03147191431377183,0.12992627202759907,-0.4539387180587536,-0.014078737293949423
final_2022_2025,2025,fbs-fbs,<=-28,home/neutral included as a model covariate,plays_total included as a model covariate,39,-3.358974358974359,132.74358974358975,0.41025641025641024,0.1709729409274569,-0.06787543284678242,0.010791030856976372,0.032388663967611336,-3.6305828995100273,-0.18690965437597087
final_2022_2025,2025,fbs-fbs,>28,home/neutral included as a model covariate,plays_total included as a model covariate,99,6.656565656565657,130.5151515151515,0.6565656565656566,0.019264374343338893,0.06247773388723706,0.06847774363705784,0.309148479582434,3.670062043664476,0.12074788162138793
final_2022_2025,2025,fbs-fcs,"(-14,0]",home/neutral included as a model covariate,plays_total included as a model covariate,3,-2.6666666666666665,138.0,0.3333333333333333,-0.03607680846638156,0.18139992171371486,-0.08547659846645224,-0.5,-13.900917042670446,-1.0
final_2022_2025,2025,fbs-fcs,"(-28,-14]",home/neutral included as a model covariate,plays_total included as a model covariate,1,-15.0,133.0,0.0,-1.2558894011781458,-0.049579099311327424,,,,
final_2022_2025,2025,fbs-fcs,"(0,14]",home/neutral included as a model covariate,plays_total included as a model covariate,15,-3.066666666666667,129.86666666666667,0.26666666666666666,-0.1894713996342002,0.08288493396775086,0.014397660317269894,-0.010714285714285713,-7.9283344996982095,-0.3714285714285714
final_2022_2025,2025,fbs-fcs,"(14,28]",home/neutral included as a model covariate,plays_total included as a model covariate,30,4.266666666666667,129.46666666666667,0.6,0.07839371500490054,0.13124974257317107,0.030531917043368773,-0.029143492769744164,2.569569107027776,0.06943363021776289
final_2022_2025,2025,fbs-fcs,>28,home/neutral included as a model covariate,plays_total included as a model covariate,77,12.168831168831169,126.50649350649351,0.7922077922077922,0.2399891845965308,0.15981050243377035,0.05158529496463494,0.14685314685314685,0.8977977804766769,-0.007835876359914968
training_2004_2017,2004,fbs-fbs,"(-14,0]",home/neutral included as a model covariate,plays_total included as a model covariate,138,-0.9347826086956522,142.1086956521739,0.47101449275362317,-0.06676673638850059,-0.03158420075283206,0.03635990976222653,0.1441383231085712,1.1812589784860648,0.0302663899156837
training_2004_2017,2004,fbs-fbs,"(-28,-14]",home/neutral included as a model covariate,plays_total included as a model covariate,64,-2.265625,140.140625,0.421875,-0.044867143163492766,-0.04796177850688341,-0.00421041196154877,-0.0012362637362637362,1.8427741205148624,0.04122436654232438
training_2004_2017,2004,fbs-fbs,"(0,14]",home/neutral included as a model covariate,plays_total included as a model covariate,167,-1.4251497005988023,143.14970059880238,0.4311377245508982,-0.09831201797947206,0.015472375254012015,0.004477823671913371,0.028036010594989027,2.716214327511625,0.11007260615163869
training_2004_2017,2004,fbs-fbs,"(14,28]",home/neutral included as a model covariate,plays_total included as a model covariate,133,4.075187969924812,137.45864661654136,0.5864661654135338,0.11246152825360291,0.03933123649983388,0.020202854468207066,0.07364748370247191,1.5487130751774159,0.07408078243819521
training_2004_2017,2004,fbs-fbs,<=-28,home/neutral included as a model covariate,plays_total included as a model covariate,35,-6.3428571428571425,138.0,0.37142857142857144,0.010034783969732798,-0.06510410286892954,0.009067261022137334,0.0196078431372549,0.7962631634863166,0.10565404479493494
training_2004_2017,2004,fbs-fbs,>28,home/neutral included as a model covariate,plays_total included as a model covariate,106,6.8584905660377355,137.5188679245283,0.660377358490566,0.04709441458093772,0.05784713590686851,0.015050785005674142,0.035614781973448875,-0.08838667783444233,0.005911196169649185
training_2004_2017,2004,fbs-fcs,"(-14,0]",home/neutral included as a model covariate,plays_total included as a model covariate,3,14.333333333333334,142.33333333333334,1.0,1.3879868633228396,0.1017502633990612,-0.8965757785285747,-1.0,51.58087650705997,0.5
training_2004_2017,2004,fbs-fcs,"(0,14]",home/neutral included as a model covariate,plays_total included as a model covariate,11,3.090909090909091,136.72727272727272,0.45454545454545453,0.22458723913273373,0.0801825601077013,-0.011262661866566478,-0.07272727272727274,1.0667927161167592,0.013667461427346159
training_2004_2017,2004,fbs-fcs,"(14,28]",home/neutral included as a model covariate,plays_total included as a model covariate,14,0.42857142857142855,141.14285714285714,0.5,-0.10298868894231347,0.16242448782972793,-0.005431547674449872,-0.0945054945054945,5.235693909277058,0.24395604395604395
training_2004_2017,2004,fbs-fcs,>28,home/neutral included as a model covariate,plays_total included as a model covariate,15,13.066666666666666,136.0,0.8,0.43532753753082354,0.1387573477858748,-0.0015379311945269629,0.07857142857142857,-6.505517809380911,0.010714285714285713
training_2004_2017,2005,fbs-fbs,"(-14,0]",home/neutral included as a model covariate,plays_total included as a model covariate,159,0.1069182389937107,143.44025157232704,0.4276729559748428,-0.04551356378752484,-0.024468436225524297,0.021397452477533475,0.08421776993639733,0.44370321113472133,0.0037726581955660116
training_2004_2017,2005,fbs-fbs,"(-28,-14]",home/neutral included as a model covariate,plays_total included as a model covariate,83,-5.168674698795181,140.80722891566265,0.3373493975903614,-0.2567513204405265,-0.04423334530688126,-0.04363853026615941,-0.21640569245623606,-1.4811990227997618,-0.1063162008973498
training_2004_2017,2005,fbs-fbs,"(0,14]",home/neutral included as a model covariate,plays_total included as a model covariate,167,-1.718562874251497,142.7005988023952,0.437125748502994,-0.1348618470044474,0.015237391025674512,0.01843052366361186,0.11447336467774534,-0.37614936450952563,-0.03249871499888605
training_2004_2017,2005,fbs-fbs,"(14,28]",home/neutral included as a model covariate,plays_total included as a model covariate,119,5.243697478991597,138.9579831932773,0.6218487394957983,0.1561743844258532,0.04669155805138321,-0.015518210261375384,-0.07335137444808433,0.059565952017293054,0.0308050630587119
training_2004_2017,2005,fbs-fbs,<=-28,home/neutral included as a model covariate,plays_total included as a model covariate,42,-4.4523809523809526,138.26190476190476,0.3333333333333333,0.0556155366854101,-0.065902733205486,0.01724538634303298,0.03378980633660157,-0.8783261280943923,-0.036804348840917475
training_2004_2017,2005,fbs-fbs,>28,home/neutral included as a model covariate,plays_total included as a model covariate,84,6.511904761904762,138.60714285714286,0.6428571428571429,0.016228731560657815,0.06273671149944164,0.028650747951979433,0.039161688771894305,1.1923251407563293,-0.0480272189103084
training_2004_2017,2005,fbs-fcs,"(-14,0]",home/neutral included as a model covariate,plays_total included as a model covariate,2,-12.5,140.5,0.5,-0.2964285819955269,-0.020729586430469404,,,,
training_2004_2017,2005,fbs-fcs,"(0,14]",home/neutral included as a model covariate,plays_total included as a model covariate,14,4.142857142857143,137.57142857142858,0.6428571428571429,0.39630197485435936,0.07041800430462238,0.015207253122860037,0.04175824175824176,13.024302278128763,0.42464272120673824
training_2004_2017,2005,fbs-fcs,"(14,28]",home/neutral included as a model covariate,plays_total included as a model covariate,17,9.588235294117647,133.58823529411765,0.7058823529411765,0.42791182066594474,0.12154860379873854,-0.02137202370897457,-0.13480392156862747,8.581362011265169,0.2993867284330168
training_2004_2017,2005,fbs-fcs,>28,home/neutral included as a model covariate,plays_total included as a model covariate,21,6.333333333333333,135.1904761904762,0.6190476190476191,-0.026160691555058613,0.13160797018293743,0.004967059172677128,0.0,-2.2582831005610395,-0.19044532938556952
training_2004_2017,2006,fbs-fbs,"(-14,0]",home/neutral included as a model covariate,plays_total included as a model covariate,163,-1.969325153374233,128.73006134969324,0.4171779141104294,-0.14841705350903306,-0.029387953955977666,-0.017691833072114038,-0.0512980022528663,0.24936713671472957,0.013735135215832247
training_2004_2017,2006,fbs-fbs,"(-28,-14]",home/neutral included as a model covariate,plays_total included as a model covariate,84,-1.6071428571428572,127.41666666666667,0.4642857142857143,0.019994338190119056,-0.04260059228211148,-0.020498648417713,-0.09922141562636051,-4.220936699135847,-0.1535516695884612
training_2004_2017,2006,fbs-fbs,"(0,14]",home/neutral included as a model covariate,plays_total included as a model covariate,205,-0.6048780487804878,130.55609756097562,0.45365853658536587,-0.05403081141562995,0.020703010272861457,0.0066693418043389675,0.04164591776541089,2.803248589067101,0.12555331180108112
training_2004_2017,2006,fbs-fbs,"(14,28]",home/neutral included as a model covariate,plays_total included as a model covariate,129,1.6589147286821706,126.83720930232558,0.5271317829457365,-0.05957837846012362,0.040380748136059776,0.026945967950954577,0.12280316805016474,-2.214331328216339,-0.05701489624273304
training_2004_2017,2006,fbs-fbs,<=-28,home/neutral included as a model covariate,plays_total included as a model covariate,43,-7.209302325581396,122.97674418604652,0.27906976744186046,-0.10317574680621386,-0.06313698974657807,-0.013873710605849413,-0.126094835397161,-0.8925222731286909,-0.05053824971869499
training_2004_2017,2006,fbs-fbs,>28,home/neutral included as a model covariate,plays_total included as a model covariate,86,7.732558139534884,123.24418604651163,0.7093023255813954,0.1271407670675024,0.0669712495300551,0.006516179377285605,0.01616113967639983,-3.792916135255405,-0.11019000662552639
training_2004_2017,2006,fbs-fcs,"(-14,0]",home/neutral included as a model covariate,plays_total included as a model covariate,6,-4.166666666666667,126.5,0.3333333333333333,-0.28859144188648517,0.0844119432810249,0.06830271989325547,0.4285714285714286,-25.289470845934783,-0.7142857142857143
training_2004_2017,2006,fbs-fcs,"(-28,-14]",home/neutral included as a model covariate,plays_total included as a model covariate,1,0.0,134.0,0.0,-0.040451923689631575,0.1428697969206154,,,,
training_2004_2017,2006,fbs-fcs,"(0,14]",home/neutral included as a model covariate,plays_total included as a model covariate,11,-7.181818181818182,125.54545454545455,0.36363636363636365,-0.4805422404678641,0.10299709818925878,-0.03211285814199054,0.045454545454545456,-0.17992015115661397,-0.05454545454545456
training_2004_2017,2006,fbs-fcs,"(14,28]",home/neutral included as a model covariate,plays_total included as a model covariate,18,7.888888888888889,124.0,0.7777777777777778,0.3868125004511504,0.12314445037290153,-0.06652351831507025,-0.17853457172342618,11.847950601845902,0.2591636896738362
training_2004_2017,2006,fbs-fcs,>28,home/neutral included as a model covariate,plays_total included as a model covariate,41,8.829268292682928,123.1219512195122,0.7317073170731707,0.13761435600385374,0.14746619835890354,0.032871101983089165,0.04965156794425087,-6.30790450601839,-0.3356716741029145
training_2004_2017,2007,fbs-fbs,"(-14,0]",home/neutral included as a model covariate,plays_total included as a model covariate,173,-1.2254335260115607,147.0057803468208,0.4393063583815029,-0.10945107167922861,-0.024607887117520162,0.021318319620857056,0.07496733484178575,5.571322593675843,0.21200150365650028
training_2004_2017,2007,fbs-fbs,"(-28,-14]",home/neutral included as a model covariate,plays_total included as a model covariate,76,-4.592105263157895,144.6184210526316,0.3684210526315789,-0.22448081085861415,-0.044554420524634444,0.0233636758848091,0.030840738209159262,3.66705302933835,0.07173477805425096
training_2004_2017,2007,fbs-fbs,"(0,14]",home/neutral included as a model covariate,plays_total included as a model covariate,202,-0.3564356435643564,144.79207920792078,0.504950495049505,-0.022478207543129375,0.01997683386857743,0.02742994711481236,0.13754531557108537,1.4666028945460778,0.0701780384206013
training_2004_2017,2007,fbs-fbs,"(14,28]",home/neutral included as a model covariate,plays_total included as a model covariate,133,4.676691729323308,141.5187969924812,0.5939849624060151,0.13134983587453655,0.037701767789589696,0.0024655548717300766,0.058758116924520896,2.320055584983591,0.10800989915798037
training_2004_2017,2007,fbs-fbs,<=-28,home/neutral included as a model covariate,plays_total included as a model covariate,39,-6.282051282051282,140.5897435897436,0.28205128205128205,-0.041602725947262366,-0.0647332897250966,0.03169906445061749,0.158502024291498,1.855571018908374,0.02642636727469742
training_2004_2017,2007,fbs-fbs,>28,home/neutral included as a model covariate,plays_total included as a model covariate,86,8.709302325581396,141.22093023255815,0.686046511627907,0.12581627627446829,0.06034450011177052,-0.046031607979098194,-0.15484692674182746,-0.6707670767156627,-0.036083471885423636
training_2004_2017,2007,fbs-fcs,"(-14,0]",home/neutral included as a model covariate,plays_total included as a model covariate,6,1.1666666666666667,146.83333333333334,0.5,0.3295214908202927,0.10941244273197263,0.18585474823002282,0.4285714285714286,17.048069710767198,0.7142857142857143
training_2004_2017,2007,fbs-fcs,"(-28,-14]",home/neutral included as a model covariate,plays_total included as a model covariate,1,0.0,140.0,0.0,-0.040685987529630374,0.07167727039864491,,,,
training_2004_2017,2007,fbs-fcs,"(0,14]",home/neutral included as a model covariate,plays_total included as a model covariate,11,-2.0,139.8181818181818,0.36363636363636365,-0.05589443960899588,0.11861290161543242,0.02605350688785277,0.14545454545454548,-9.350626217398787,-0.44545454545454555
training_2004_2017,2007,fbs-fcs,"(14,28]",home/neutral included as a model covariate,plays_total included as a model covariate,22,-0.6818181818181818,137.6818181818182,0.4090909090909091,-0.24502694943193506,0.13069409077211222,0.050797399892526296,0.259175607001694,3.2251452109250764,0.23283421759236678
training_2004_2017,2007,fbs-fcs,<=-28,home/neutral included as a model covariate,plays_total included as a model covariate,1,-2.0,150.0,0.0,-0.2479900651965333,0.16373227598925044,,,,
training_2004_2017,2007,fbs-fcs,>28,home/neutral included as a model covariate,plays_total included as a model covariate,31,7.870967741935484,135.74193548387098,0.6774193548387096,0.07613503590719843,0.12738893123252745,-0.04337692149032297,-0.15967741935483873,4.259938367590272,0.11357678093722458
training_2004_2017,2008,fbs-fbs,"(-14,0]",home/neutral included as a model covariate,plays_total included as a model covariate,163,-1.5337423312883436,137.04294478527606,0.4171779141104294,-0.12119260060522792,-0.02168504700809948,0.020652530161038705,0.09911425218536923,2.9616767578369076,0.10042298261144912
training_2004_2017,2008,fbs-fbs,"(-28,-14]",home/neutral included as a model covariate,plays_total included as a model covariate,75,-1.2933333333333332,133.42666666666668,0.48,0.026397371596034943,-0.046438472519999587,0.02399795894223911,0.10691322901849218,1.4611636554897682,0.016774561099093678
training_2004_2017,2008,fbs-fbs,"(0,14]",home/neutral included as a model covariate,plays_total included as a model covariate,205,0.775609756097561,135.0878048780488,0.5073170731707317,0.028834006538121574,0.017539459424879843,-0.014539159346580757,-0.04989763685477481,-2.725790120452053,-0.0912063557397973
training_2004_2017,2008,fbs-fbs,"(14,28]",home/neutral included as a model covariate,plays_total included as a model covariate,116,2.4827586206896552,134.43103448275863,0.5603448275862069,-0.02026663767202974,0.03794915710023982,0.014976021381494854,0.07252939887517348,4.4786708519152025,0.14215296384260218
training_2004_2017,2008,fbs-fbs,<=-28,home/neutral included as a model covariate,plays_total included as a model covariate,58,-4.396551724137931,135.77586206896552,0.46551724137931033,0.09918776236972406,-0.07092631825504306,0.05377162602370929,0.2419330031683534,-7.518586081812706,-0.281749521181847
training_2004_2017,2008,fbs-fbs,>28,home/neutral included as a model covariate,plays_total included as a model covariate,100,8.71,133.75,0.69,0.15670298593753829,0.0654224555781385,0.00587867389139919,-0.007110732405469764,4.056950842888752,0.12936276324301924
training_2004_2017,2008,fbs-fcs,"(-14,0]",home/neutral included as a model covariate,plays_total included as a model covariate,1,-4.0,140.0,0.0,0.06990251276957349,0.07291925576536551,,,,
training_2004_2017,2008,fbs-fcs,"(-28,-14]",home/neutral included as a model covariate,plays_total included as a model covariate,1,11.0,121.0,1.0,0.853361714659384,0.08592962509595825,,,,
training_2004_2017,2008,fbs-fcs,"(0,14]",home/neutral included as a model covariate,plays_total included as a model covariate,15,-5.466666666666667,129.6,0.26666666666666666,-0.3340839754248337,0.07587552424955274,0.015816740533217816,0.06428571428571428,2.0105105528229426,0.05714285714285713
training_2004_2017,2008,fbs-fcs,"(14,28]",home/neutral included as a model covariate,plays_total included as a model covariate,30,3.7333333333333334,133.73333333333332,0.5333333333333333,-0.009478566946653258,0.11425678245698342,-0.04086253153955616,-0.217797552836485,-0.4284893710342464,-0.045424199714090584
training_2004_2017,2008,fbs-fcs,>28,home/neutral included as a model covariate,plays_total included as a model covariate,37,10.432432432432432,130.86486486486487,0.6756756756756757,0.11725710397753035,0.1524708624175613,-0.025455946657440352,-0.0820293978188715,-6.546124199449882,-0.20017790043290803
training_2004_2017,2009,fbs-fbs,"(-14,0]",home/neutral included as a model covariate,plays_total included as a model covariate,165,-2.187878787878788,135.78787878787878,0.43636363636363634,-0.1562820872796462,-0.027833427245776542,-0.0015180244008131522,0.004767190403111675,-2.539994659532364,-0.09351792004942899
training_2004_2017,2009,fbs-fbs,"(-28,-14]",home/neutral included as a model covariate,plays_total included as a model covariate,87,-1.7701149425287357,134.55172413793105,0.42528735632183906,-2.077825439811276e-05,-0.051387487197420256,-0.019515314341396948,-0.10540800379202782,-3.445761425599282,-0.11919899281299949
training_2004_2017,2009,fbs-fbs,"(0,14]",home/neutral included as a model covariate,plays_total included as a model covariate,220,-0.004545454545454545,136.73181818181817,0.5227272727272727,0.012968296867500735,0.019873844958076918,-0.019832743689859756,-0.06243502162988297,1.7481458490445443,0.06696000538742423
training_2004_2017,2009,fbs-fbs,"(14,28]",home/neutral included as a model covariate,plays_total included as a model covariate,134,3.08955223880597,135.0,0.5895522388059702,0.031822105263054914,0.04178982352695971,-0.008582373065253866,-0.04419755857304954,-1.287447711647954,-0.013644113478880648
training_2004_2017,2009,fbs-fbs,<=-28,home/neutral included as a model covariate,plays_total included as a model covariate,37,-8.162162162162161,133.45945945945945,0.16216216216216217,-0.197189668749629,-0.0737236355855836,0.05391072100241368,0.21384542437174014,-0.7832372775114912,-0.047432707851410426
training_2004_2017,2009,fbs-fbs,>28,home/neutral included as a model covariate,plays_total included as a model covariate,71,8.056338028169014,133.40845070422534,0.704225352112676,0.10022640527521781,0.06875450802243323,0.04730145196826763,0.1442655935613682,-4.92932030071841,-0.15381003549120129
training_2004_2017,2009,fbs-fcs,"(-14,0]",home/neutral included as a model covariate,plays_total included as a model covariate,4,-7.75,138.25,0.25,-0.5259935434565941,0.12513394218429472,0.03984895415625657,0.39999999999999997,31.792224259733594,0.7999999999999999
training_2004_2017,2009,fbs-fcs,"(-28,-14]",home/neutral included as a model covariate,plays_total included as a model covariate,1,21.0,131.0,1.0,1.413092775914607,0.11156447164729899,,,,
training_2004_2017,2009,fbs-fcs,"(0,14]",home/neutral included as a model covariate,plays_total included as a model covariate,19,-1.631578947368421,132.89473684210526,0.47368421052631576,0.05234964865107809,0.08639687599558309,-0.004079261434983949,-0.04035087719298246,-12.872364649126121,-0.5630220082091342
training_2004_2017,2009,fbs-fcs,"(14,28]",home/neutral included as a model covariate,plays_total included as a model covariate,20,0.9,130.9,0.4,-0.18230037511214756,0.11740152066172085,0.0834500973592067,0.24511278195488717,5.494160799886104,0.16240601503759397
training_2004_2017,2009,fbs-fcs,>28,home/neutral included as a model covariate,plays_total included as a model covariate,50,11.32,126.72,0.76,0.23840480188684304,0.15541821227376176,-0.06986527434741299,-0.19932773109243698,-8.342607340853585,-0.1961622585801017
training_2004_2017,2010,fbs-fbs,"(-14,0]",home/neutral included as a model covariate,plays_total included as a model covariate,155,-0.1032258064516129,138.54193548387096,0.5290322580645161,0.0032208114377416147,-0.02158370163896805,0.00237982419898083,0.0018803792017498303,-2.544149541440879,-0.12052127662960062
training_2004_2017,2010,fbs-fbs,"(-28,-14]",home/neutral included as a model covariate,plays_total included as a model covariate,100,-2.78,136.54,0.35,-0.13117542852851666,-0.04510308559564538,0.044735557061523934,0.18401495354104289,0.4465077213983996,0.015652664782701168
training_2004_2017,2010,fbs-fbs,"(0,14]",home/neutral included as a model covariate,plays_total included as a model covariate,191,0.2356020942408377,138.717277486911,0.5078534031413613,0.026095102159351843,0.018587722718939464,-0.01006499886525785,-0.04134493089085396,-2.1885845214509825,-0.07096588107779735
training_2004_2017,2010,fbs-fbs,"(14,28]",home/neutral included as a model covariate,plays_total included as a model covariate,127,1.2283464566929134,135.1968503937008,0.5433070866141733,-0.08901890699418184,0.0408398425436651,-0.03200051239342379,-0.1399077261076529,-2.202361052506448,-0.06354675329092381
training_2004_2017,2010,fbs-fbs,<=-28,home/neutral included as a model covariate,plays_total included as a model covariate,56,-4.607142857142857,134.82142857142858,0.3392857142857143,0.08588211833633341,-0.0686325577283821,0.02564652123414479,0.14251537935748462,9.26794793461609,0.25291876686483944
training_2004_2017,2010,fbs-fbs,>28,home/neutral included as a model covariate,plays_total included as a model covariate,89,8.292134831460674,134.1123595505618,0.651685393258427,0.12423974803597582,0.06595355164032796,0.05140043454040538,0.19538644875723532,3.1890068440088752,0.11123409217103312
training_2004_2017,2010,fbs-fcs,"(-14,0]",home/neutral included as a model covariate,plays_total included as a model covariate,7,2.5714285714285716,126.85714285714286,0.5714285714285714,0.37179125832797705,0.11267847764770865,0.02385816375209457,-0.03571428571428572,19.99742921913367,0.7748062179181807
training_2004_2017,2010,fbs-fcs,"(0,14]",home/neutral included as a model covariate,plays_total included as a model covariate,15,0.9333333333333333,132.8,0.5333333333333333,0.17009878556026514,0.08962590284930026,0.09610626902410166,0.37499999999999994,-9.514784441733186,-0.12701272559423968
training_2004_2017,2010,fbs-fcs,"(14,28]",home/neutral included as a model covariate,plays_total included as a model covariate,20,2.55,133.45,0.6,-0.029175197370322148,0.11267649022994553,-0.05781132020736236,-0.10977443609022557,-3.8535903812036363,-0.22874348085666488
training_2004_2017,2010,fbs-fcs,>28,home/neutral included as a model covariate,plays_total included as a model covariate,48,4.916666666666667,130.25,0.6458333333333334,-0.12326099158282162,0.14086537831556992,0.017547993470800754,0.029635258358662615,1.6118124676404866,-0.033497110041694915
training_2004_2017,2011,fbs-fbs,"(-14,0]",home/neutral included as a model covariate,plays_total included as a model covariate,154,2.0064935064935066,141.8896103896104,0.5324675324675324,0.10946487120439649,-0.02528538487436832,-0.008937173245272064,-0.018705929513507826,-3.519159194437751,-0.1223947242054029
training_2004_2017,2011,fbs-fbs,"(-28,-14]",home/neutral included as a model covariate,plays_total included as a model covariate,86,-2.4186046511627906,140.65116279069767,0.3953488372093023,-0.10071350959122823,-0.05006417339398697,0.03253015341233686,0.14630004387182854,-0.5294609425027504,-0.019439281056426894
training_2004_2017,2011,fbs-fbs,"(0,14]",home/neutral included as a model covariate,plays_total included as a model covariate,200,0.32,140.2,0.53,0.02185446202188092,0.019483468266661686,-0.00677662927063122,-0.00198380033893374,-3.5952333430334886,-0.09231898023571934
training_2004_2017,2011,fbs-fbs,"(14,28]",home/neutral included as a model covariate,plays_total included as a model covariate,132,4.71969696969697,138.4318181818182,0.6136363636363636,0.15090695621674108,0.038344137511209596,-0.0068898996567521974,0.007518806800326246,-2.7767752882320664,-0.06111492462548076
training_2004_2017,2011,fbs-fbs,<=-28,home/neutral included as a model covariate,plays_total included as a model covariate,45,-6.955555555555556,136.64444444444445,0.3333333333333333,-0.09142885566710314,-0.07049258540440567,-0.04045968139380022,-0.19051383399209484,2.91662959194899,0.039536111020123034
training_2004_2017,2011,fbs-fbs,>28,home/neutral included as a model covariate,plays_total included as a model covariate,91,8.395604395604396,136.26373626373626,0.6923076923076923,0.11312537459991744,0.0686053861984514,-0.0009217788601082865,-0.042013059404363756,-1.3454000806635804,-0.07119901125669145
training_2004_2017,2011,fbs-fcs,"(-14,0]",home/neutral included as a model covariate,plays_total included as a model covariate,4,8.25,135.75,1.0,0.8486954301929778,0.13657469644671752,0.795430956754983,0.7999999999999999,3.0076468951548283,0.19999999999999998
training_2004_2017,2011,fbs-fcs,"(-28,-14]",home/neutral included as a model covariate,plays_total included as a model covariate,1,28.0,146.0,1.0,1.9795349268461444,-0.048676894155899486,,,,
training_2004_2017,2011,fbs-fcs,"(0,14]",home/neutral included as a model covariate,plays_total included as a model covariate,14,-1.8571428571428572,142.28571428571428,0.5,-0.012658700202361761,0.0896136942716541,0.04923420174514552,0.015384615384615385,10.61094034640396,0.22637362637362637
training_2004_2017,2011,fbs-fcs,"(14,28]",home/neutral included as a model covariate,plays_total included as a model covariate,29,3.793103448275862,131.51724137931035,0.4827586206896552,-0.04907504587095546,0.10055591491532336,0.04381869972912783,0.11921182266009848,6.976417054831284,0.3570724928497984
training_2004_2017,2011,fbs-fcs,<=-28,home/neutral included as a model covariate,plays_total included as a model covariate,1,11.0,123.0,1.0,0.8051433282622774,0.07939052601460395,,,,
training_2004_2017,2011,fbs-fcs,>28,home/neutral included as a model covariate,plays_total included as a model covariate,48,11.4375,131.60416666666666,0.7916666666666666,0.2718579180020764,0.1425736422207821,-0.018610162739383162,-0.09693877551020409,-2.2403858007357282,-0.07315683707964286
training_2004_2017,2012,fbs-fbs,"(-14,0]",home/neutral included as a model covariate,plays_total included as a model covariate,187,0.8128342245989305,145.048128342246,0.48663101604278075,0.04116345982190582,-0.029225726264354945,0.010644423164177949,0.06473267537501055,-0.9587625790258061,-0.0379719135033228
training_2004_2017,2012,fbs-fbs,"(-28,-14]",home/neutral included as a model covariate,plays_total included as a model covariate,79,-1.9113924050632911,141.27848101265823,0.4936708860759494,-0.01764968275350136,-0.04601560287248691,-0.0022024639738620457,-0.016480038948393377,0.2264120461746725,0.03330939126868104
training_2004_2017,2012,fbs-fbs,"(0,14]",home/neutral included as a model covariate,plays_total included as a model covariate,191,1.3979057591623036,145.70157068062827,0.5026178010471204,0.0682418695248367,0.02226028135764357,-0.021050821783393323,-0.1302589083851166,-0.43108758924617413,-0.02103326812213838
training_2004_2017,2012,fbs-fbs,"(14,28]",home/neutral included as a model covariate,plays_total included as a model covariate,128,2.609375,140.78125,0.5859375,0.002389402217672476,0.03774609450711798,0.0005781895069457256,0.017619254715253618,1.2182331060530223,0.0338280244452602
training_2004_2017,2012,fbs-fbs,<=-28,home/neutral included as a model covariate,plays_total included as a model covariate,48,-5.833333333333333,140.29166666666666,0.22916666666666666,-0.06137818343552737,-0.060651097228563204,0.037943565624619105,0.2042987407729049,0.9800070270360824,-0.012446340094376795
training_2004_2017,2012,fbs-fbs,>28,home/neutral included as a model covariate,plays_total included as a model covariate,99,3.4444444444444446,139.5050505050505,0.5858585858585859,-0.1856189786472015,0.05901057244657814,0.011589698596284517,0.033896208708290396,0.0822955063078276,0.00887908864873621
training_2004_2017,2012,fbs-fcs,"(-14,0]",home/neutral included as a model covariate,plays_total included as a model covariate,5,-5.0,141.8,0.2,-0.22208832283209815,0.03163871819126527,-0.016356363657156342,-0.09999999999999999,14.816032427324702,0.49999999999999994
training_2004_2017,2012,fbs-fcs,"(-28,-14]",home/neutral included as a model covariate,plays_total included as a model covariate,5,-19.4,129.8,0.0,-1.3721519096653176,0.05642338318428952,0.4400402441400422,0.3,3.08479402169088,-0.09999999999999999
training_2004_2017,2012,fbs-fcs,"(0,14]",home/neutral included as a model covariate,plays_total included as a model covariate,16,1.0625,139.6875,0.5,0.1785902695229799,0.10686215478224528,-0.0008302224531802944,-0.014705882352941175,4.091821214129709,0.284241839925293
training_2004_2017,2012,fbs-fcs,"(14,28]",home/neutral included as a model covariate,plays_total included as a model covariate,24,2.75,137.16666666666666,0.5,-0.11233952842711242,0.11437358741831168,0.029251125549821372,0.17043478260869566,-1.0358239655444488,-0.04568197622755242
training_2004_2017,2012,fbs-fcs,>28,home/neutral included as a model covariate,plays_total included as a model covariate,55,11.254545454545454,131.3272727272727,0.7818181818181819,0.18959894729375426,0.14455376039962867,-0.010493106437168482,-0.07150072150072151,2.246518514690163,0.039442110727212445
training_2004_2017,2013,fbs-fbs,"(-14,0]",home/neutral included as a model covariate,plays_total included as a model covariate,152,-0.5131578947368421,147.18421052631578,0.42105263157894735,-0.05901088956584163,-0.02751544453715757,0.04259608634794443,0.21489348615012405,-2.8813120668509202,-0.05822196726233969
training_2004_2017,2013,fbs-fbs,"(-28,-14]",home/neutral included as a model covariate,plays_total included as a model covariate,97,-1.6082474226804124,142.82474226804123,0.4536082474226804,-0.012252857208799556,-0.04689043065521013,-0.020032074997712347,-0.11086419103723963,0.6590236944914755,0.027457712985047743
training_2004_2017,2013,fbs-fbs,"(0,14]",home/neutral included as a model covariate,plays_total included as a model covariate,178,1.2359550561797752,144.95505617977528,0.5337078651685393,0.07760148446901059,0.019263035696066133,-0.004215331829518248,-0.06178870957274432,0.035555545752777654,-0.01043215678529685
training_2004_2017,2013,fbs-fbs,"(14,28]",home/neutral included as a model covariate,plays_total included as a model covariate,143,1.2097902097902098,141.64335664335664,0.5524475524475524,-0.08470194880568165,0.0381294920353534,-0.018539537317413333,-0.08784367478365365,3.443716601628646,0.12433778638451969
training_2004_2017,2013,fbs-fbs,<=-28,home/neutral included as a model covariate,plays_total included as a model covariate,57,-7.421052631578948,143.56140350877192,0.2807017543859649,-0.09128647865090156,-0.06254114167896853,-0.0038086527923237414,0.02958953833578686,4.974182061845426,0.18998995594308812
training_2004_2017,2013,fbs-fbs,>28,home/neutral included as a model covariate,plays_total included as a model covariate,110,6.463636363636364,140.1909090909091,0.6181818181818182,-0.009245032328291394,0.06651548485420293,0.014419044760003339,0.03295997331111615,-2.7975163885382486,-0.0698579406482981
training_2004_2017,2013,fbs-fcs,"(-14,0]",home/neutral included as a model covariate,plays_total included as a model covariate,10,2.4,138.8,0.5,0.37365649850144295,0.09257386192131084,-0.01917917646131249,-0.0303030303030303,8.103907163634945,0.32121212121212117
training_2004_2017,2013,fbs-fcs,"(-28,-14]",home/neutral included as a model covariate,plays_total included as a model covariate,4,-3.5,147.0,0.25,-0.34788592274489916,0.04074846413692637,0.09966242377427471,0.7999999999999999,1.353451861575795,0.0
training_2004_2017,2013,fbs-fcs,"(0,14]",home/neutral included as a model covariate,plays_total included as a model covariate,22,3.3636363636363638,142.9090909090909,0.5909090909090909,0.29795448406692515,0.1009080398723504,0.007485012918514405,-0.07735742518351214,-6.191266859410044,-0.20677969401827548
training_2004_2017,2013,fbs-fcs,"(14,28]",home/neutral included as a model covariate,plays_total included as a model covariate,17,2.5294117647058822,136.64705882352942,0.5882352941176471,0.02313243713441476,0.17671387205347677,0.09814622888388551,0.35539215686274517,2.6500093371675173,0.047852796757736286
training_2004_2017,2013,fbs-fcs,<=-28,home/neutral included as a model covariate,plays_total included as a model covariate,2,-14.5,127.5,0.0,-1.0677418735237607,0.0004219035686121586,,,,
training_2004_2017,2013,fbs-fcs,>28,home/neutral included as a model covariate,plays_total included as a model covariate,56,9.767857142857142,136.19642857142858,0.7142857142857143,0.08771202310639066,0.13874019604017238,0.017056469472510275,0.10840738209159263,-3.287842280376996,-0.10484932839296321
training_2004_2017,2014,fbs-fbs,"(-14,0]",home/neutral included as a model covariate,plays_total included as a model covariate,171,2.4853801169590644,145.8187134502924,0.5789473684210527,0.1747079246734498,-0.024009680860859188,-0.01716712841433568,-0.10659413911651015,2.425947276912901,0.06637551842530325
training_2004_2017,2014,fbs-fbs,"(-28,-14]",home/neutral included as a model covariate,plays_total included as a model covariate,112,-1.6160714285714286,144.11607142857142,0.4017857142857143,-0.029462683399521856,-0.037534657575308446,-0.01254803464172626,-0.05357569959339871,-0.2608563596863946,-0.01268253314156941
training_2004_2017,2014,fbs-fbs,"(0,14]",home/neutral included as a model covariate,plays_total included as a model covariate,209,0.019138755980861243,145.78947368421052,0.5119617224880383,0.009892141655921751,0.020269092365761455,0.0025185781922383715,0.0006309492434196972,-2.916698953746656,-0.13127866872585445
training_2004_2017,2014,fbs-fbs,"(14,28]",home/neutral included as a model covariate,plays_total included as a model covariate,124,4.282258064516129,141.04032258064515,0.6048387096774194,0.12402175069682303,0.03813767174830283,-0.0091263644133416,-0.026769472856018876,-3.0962849048555956,-0.10214780603545975
training_2004_2017,2014,fbs-fbs,<=-28,home/neutral included as a model covariate,plays_total included as a model covariate,52,-6.4423076923076925,141.44230769230768,0.3269230769230769,-0.05212350089504111,-0.06153567346732813,-0.03576193599875477,-0.2114789439341088,-2.8465776378607432,-0.12084205672402837
training_2004_2017,2014,fbs-fbs,>28,home/neutral included as a model covariate,plays_total included as a model covariate,92,10.858695652173912,139.40217391304347,0.75,0.30887057333317747,0.06254752987829305,0.04451529797916772,0.14852889046437434,6.736287549973759,0.16402035168265403
training_2004_2017,2014,fbs-fcs,"(-14,0]",home/neutral included as a model covariate,plays_total included as a model covariate,7,1.2857142857142858,145.85714285714286,0.42857142857142855,0.2404207100331429,0.06045958280390884,-0.07698390887731517,-0.28571428571428575,-2.821174954205183,-0.21428571428571433
training_2004_2017,2014,fbs-fcs,"(-28,-14]",home/neutral included as a model covariate,plays_total included as a model covariate,1,-15.0,129.0,0.0,-1.2712434388545626,0.12124088840957659,,,,
training_2004_2017,2014,fbs-fcs,"(0,14]",home/neutral included as a model covariate,plays_total included as a model covariate,21,1.2857142857142858,144.04761904761904,0.5714285714285714,0.2876399459179177,0.1234978161287083,-0.029037321332581727,-0.04155844155844156,0.03805372741892702,0.20474497869097064
training_2004_2017,2014,fbs-fcs,"(14,28]",home/neutral included as a model covariate,plays_total included as a model covariate,22,6.2272727272727275,140.4090909090909,0.5454545454545454,0.25009135210235117,0.08517320098472005,-0.025092663343695396,-0.07848673066064371,-2.6552529081151914,-0.10228881889373395
training_2004_2017,2014,fbs-fcs,>28,home/neutral included as a model covariate,plays_total included as a model covariate,56,10.25,137.32142857142858,0.6964285714285714,0.09671793943888983,0.13297173291706427,0.01160792289129674,0.13923444976076554,-1.4228590465456399,0.04057981115809755
training_2004_2017,2015,fbs-fbs,"(-14,0]",home/neutral included as a model covariate,plays_total included as a model covariate,184,-0.043478260869565216,144.70652173913044,0.46195652173913043,-0.04819964527179323,-0.02658851874995919,0.005869900941555486,0.01630869787588168,-1.4411586058966352,-0.028397837814305216
training_2004_2017,2015,fbs-fbs,"(-28,-14]",home/neutral included as a model covariate,plays_total included as a model covariate,84,-3.511904761904762,143.32142857142858,0.39285714285714285,-0.13406754163801152,-0.04354299489214265,0.023102496162132512,0.1190442442037056,0.9892237481040281,0.04045405808812331
training_2004_2017,2015,fbs-fbs,"(0,14]",home/neutral included as a model covariate,plays_total included as a model covariate,200,1.145,144.035,0.525,0.07917448565289552,0.02338277973478063,-0.0018717082880108547,-0.01195830792643247,0.7751580106241903,0.040395577349297995
training_2004_2017,2015,fbs-fbs,"(14,28]",home/neutral included as a model covariate,plays_total included as a model covariate,147,4.170068027210885,140.4421768707483,0.6122448979591837,0.11430898854882929,0.045215757505151374,0.020162992602981072,0.0773467095961682,1.1130951776288904,0.045307358261729616
training_2004_2017,2015,fbs-fbs,<=-28,home/neutral included as a model covariate,plays_total included as a model covariate,61,-8.868852459016393,140.8360655737705,0.3442622950819672,-0.14103317212081268,-0.058769117934341,0.046886035976228466,0.19233209941829718,10.75643224221501,0.2711658255024023
training_2004_2017,2015,fbs-fbs,>28,home/neutral included as a model covariate,plays_total included as a model covariate,89,2.808988764044944,142.65168539325842,0.5842696629213483,-0.24590343501021789,0.060928552437103295,-0.0014436890220144022,0.012648961525366023,-0.5886257471655945,-0.019113947708163513
training_2004_2017,2015,fbs-fcs,"(-14,0]",home/neutral included as a model covariate,plays_total included as a model covariate,8,-2.375,137.125,0.5,0.11044585366148912,0.07429371024293759,0.011362780288794425,-0.14285714285714288,-5.136987402038186,-0.07185757571479554
training_2004_2017,2015,fbs-fcs,"(0,14]",home/neutral included as a model covariate,plays_total included as a model covariate,17,-2.2941176470588234,143.7058823529412,0.35294117647058826,-0.15656794452914868,0.13545804908530124,-0.008504764785509565,-0.05147058823529412,4.329380695395794,0.24509803921568632
training_2004_2017,2015,fbs-fcs,"(14,28]",home/neutral included as a model covariate,plays_total included as a model covariate,20,5.65,138.15,0.65,0.17461138015330196,0.1615276588118722,0.086398733808862,0.22255639097744356,9.505857357320501,0.27368421052631575
training_2004_2017,2015,fbs-fcs,<=-28,home/neutral included as a model covariate,plays_total included as a model covariate,1,4.0,140.0,1.0,0.23567608390502603,0.04392115279156983,,,,
training_2004_2017,2015,fbs-fcs,>28,home/neutral included as a model covariate,plays_total included as a model covariate,59,12.305084745762711,134.3050847457627,0.7288135593220338,0.23762814089328377,0.1630839431169396,-0.0042345603116293465,-0.03471654003506722,-4.58815122282097,-0.19558037565501957
training_2004_2017,2016,fbs-fbs,"(-14,0]",home/neutral included as a model covariate,plays_total included as a model covariate,164,-0.08536585365853659,145.890243902439,0.4695121951219512,-0.021047125646157946,-0.02437444162706455,-0.0035240571347408974,-0.033926064576509124,-1.8215217030669824,-0.03216651761419199
training_2004_2017,2016,fbs-fbs,"(-28,-14]",home/neutral included as a model covariate,plays_total included as a model covariate,100,-1.86,140.76,0.47,-0.026014415477872838,-0.04221300967049506,0.02265176110905393,0.11527152715271527,6.168838429249836,0.24706659609429704
training_2004_2017,2016,fbs-fbs,"(0,14]",home/neutral included as a model covariate,plays_total included as a model covariate,211,1.113744075829384,145.06635071090048,0.5402843601895735,0.08702574326077267,0.014456643901612349,-0.007512875910317178,-0.04211944285296324,-1.4290164370332643,-0.04054457646626683
training_2004_2017,2016,fbs-fbs,"(14,28]",home/neutral included as a model covariate,plays_total included as a model covariate,137,0.8832116788321168,142.45985401459853,0.5109489051094891,-0.1119745979463454,0.038863168572534385,0.011076962290127019,0.07981369104782049,2.7943689857729526,0.10792713667892762
training_2004_2017,2016,fbs-fbs,<=-28,home/neutral included as a model covariate,plays_total included as a model covariate,55,-5.6909090909090905,140.63636363636363,0.3090909090909091,0.020110704184354015,-0.060403368441017326,0.016141701675633287,0.09841269841269844,3.2171884642028172,0.09865228409255684
training_2004_2017,2016,fbs-fbs,>28,home/neutral included as a model covariate,plays_total included as a model covariate,92,10.054347826086957,138.66304347826087,0.6956521739130435,0.19044448857130497,0.06410843920050335,0.03475244400346265,0.13478106745988933,-0.7549476590384744,0.011622798718661996
training_2004_2017,2016,fbs-fcs,"(-14,0]",home/neutral included as a model covariate,plays_total included as a model covariate,9,-4.111111111111111,143.0,0.4444444444444444,-0.12732933496037496,0.08162543918628842,-0.01752231392750679,0.049999999999999996,-0.8620414613400833,0.06666666666666667
training_2004_2017,2016,fbs-fcs,"(-28,-14]",home/neutral included as a model covariate,plays_total included as a model covariate,1,-21.0,131.0,0.0,-1.5393547284591795,0.07108218838175961,,,,
training_2004_2017,2016,fbs-fcs,"(0,14]",home/neutral included as a model covariate,plays_total included as a model covariate,12,-1.5,141.0,0.4166666666666667,-0.03543307377151376,0.1009757955026695,0.045532259418749166,0.17482517482517487,17.292144529618238,0.5709290716957522
training_2004_2017,2016,fbs-fcs,"(14,28]",home/neutral included as a model covariate,plays_total included as a model covariate,35,6.0285714285714285,138.94285714285715,0.6285714285714286,0.1571190453467184,0.1338556719991757,0.048042998776518284,0.2280112044817927,-5.117722659375207,-0.15257444018233565
training_2004_2017,2016,fbs-fcs,>28,home/neutral included as a model covariate,plays_total included as a model covariate,56,8.517857142857142,134.76785714285714,0.6964285714285714,0.030005048836538744,0.17462749206907494,-0.005527652840160872,0.016062884483937116,3.213797802829188,0.20991454218216368
training_2004_2017,2017,fbs-fbs,"(-14,0]",home/neutral included as a model covariate,plays_total included as a model covariate,175,0.4685714285714286,143.6342857142857,0.5085714285714286,0.0347407729791777,-0.021253090985934336,0.009025098458473928,0.049467084639498435,3.0056465330223165,0.09672081079301464
training_2004_2017,2017,fbs-fbs,"(-28,-14]",home/neutral included as a model covariate,plays_total included as a model covariate,101,-1.0693069306930694,139.12871287128712,0.42574257425742573,0.01000408417151022,-0.04287435702680174,0.0008033375013645397,-0.04195119962510398,2.098074942198897,0.06820671011623641
training_2004_2017,2017,fbs-fbs,"(0,14]",home/neutral included as a model covariate,plays_total included as a model covariate,213,0.11737089201877934,140.84976525821597,0.49295774647887325,0.009557584326103655,0.019147822407630095,-0.017423905527250972,-0.09662518739559632,0.8181618249491368,0.012411523830275328
training_2004_2017,2017,fbs-fbs,"(14,28]",home/neutral included as a model covariate,plays_total included as a model covariate,124,3.1370967741935485,138.00806451612902,0.5806451612903226,0.023539548505578586,0.045265729128971956,0.018461080308806374,0.026574476354759985,-1.3034459806659047,-0.03478741220191929
training_2004_2017,2017,fbs-fbs,<=-28,home/neutral included as a model covariate,plays_total included as a model covariate,59,-9.864406779661017,137.4915254237288,0.2542372881355932,-0.23262853600752406,-0.06709022991671112,0.026878430847079603,0.1631209818819404,-3.954133527742606,-0.11111760655775861
training_2004_2017,2017,fbs-fbs,>28,home/neutral included as a model covariate,plays_total included as a model covariate,104,7.028846153846154,135.60576923076923,0.625,0.03169843346141574,0.0635844010038386,0.005616701162886145,0.022628827483196418,-0.7060238151316253,-0.009171106019961737
training_2004_2017,2017,fbs-fcs,"(-14,0]",home/neutral included as a model covariate,plays_total included as a model covariate,7,-3.857142857142857,149.28571428571428,0.42857142857142855,0.022024592361512964,0.09662844574900444,-0.08413148239189869,-0.14285714285714288,-0.6640961757871441,0.03571428571428572
training_2004_2017,2017,fbs-fcs,"(-28,-14]",home/neutral included as a model covariate,plays_total included as a model covariate,1,17.0,149.0,1.0,1.2978734329000436,0.09536001899667945,,,,
training_2004_2017,2017,fbs-fcs,"(0,14]",home/neutral included as a model covariate,plays_total included as a model covariate,20,-1.25,142.25,0.4,-0.07033757576303887,0.13233677216295586,0.05499299648280052,0.3278195488721804,7.93824970265056,0.3674702962495743
training_2004_2017,2017,fbs-fcs,"(14,28]",home/neutral included as a model covariate,plays_total included as a model covariate,25,6.24,133.92,0.68,0.20661280568485033,0.1417486109801625,0.062210790888226584,0.21923076923076923,-3.2044787438420976,-0.19119061711622415
training_2004_2017,2017,fbs-fcs,<=-28,home/neutral included as a model covariate,plays_total included as a model covariate,1,1.0,115.0,1.0,-0.11178474540796125,0.07451210164734845,,,,
training_2004_2017,2017,fbs-fcs,>28,home/neutral included as a model covariate,plays_total included as a model covariate,44,9.636363636363637,131.63636363636363,0.8181818181818182,0.13732400944117087,0.15917776304873918,0.038404791457052674,0.09992952783650456,2.894711262615878,0.11887472363721395
