season,cutoff,season_phase,team_id,team_name,games_played,games_played_bucket,performance_expected_rank,predictive_expected_rank,performance_minus_predictive_expected_rank,performance_median_rank,predictive_median_rank,performance_minus_predictive_median_rank,performance_interval_80_width,predictive_interval_80_width,pmf_tv,rated
2026,2026-09-06T17:34:56.895103+00:00,current,2,Auburn,1,1-3,64.43076520693789,52.519774086735474,11.910991120202418,63,49,14,95,76,0.17628142555066367,True
2026,2026-09-06T17:34:56.895103+00:00,current,5,UAB,1,1-3,83.32738126523465,97.02982616221541,-13.702444896980765,87,102,-15,93,71,0.19979172995457778,True
2026,2026-09-06T17:34:56.895103+00:00,current,6,South Alabama,1,1-3,78.86543890064607,89.21302610586488,-10.347587205218815,82,94,-12,100,81,0.15674497661318726,True
2026,2026-09-06T17:34:56.895103+00:00,current,8,Arkansas,1,1-3,79.50901879512381,82.58278366723489,-3.0737648721110844,83,86,-3,99,85,0.09773046875075073,True
2026,2026-09-06T17:34:56.895103+00:00,current,9,Arizona State,1,1-3,39.04071064091947,39.85212911278669,-0.8114184718672206,32,35,-3,81,68,0.13577456564759682,True
2026,2026-09-06T17:34:56.895103+00:00,current,12,Arizona,1,1-3,67.67878208791772,46.57159862001368,21.107183467904044,67,41,26,100,76,0.26997922305449484,True
2026,2026-09-06T17:34:56.895103+00:00,current,16,Sacramento State,2,1-3,82.88452262765347,101.71993561524835,-18.83541298759488,86,107,-21,86,65,0.26227095804967326,True
2026,2026-09-06T17:34:56.895103+00:00,current,21,San Diego State,1,1-3,64.78962750151177,51.74590032673377,13.043727174778006,64,48,16,100,78,0.18981846574782776,True
2026,2026-09-06T17:34:56.895103+00:00,current,23,San José State,2,1-3,60.03695373085685,91.46734490920736,-31.430391178350504,58,95,-37,81,70,0.412485359339883,True
2026,2026-09-06T17:34:56.895103+00:00,current,24,Stanford,2,1-3,94.15641433341214,91.66898807130806,2.48742626210408,99,96,3,77,68,0.10008245116411735,True
2026,2026-09-06T17:34:56.895103+00:00,current,25,California,1,1-3,98.89402893196763,85.86861901278645,13.025409919181172,106,90,16,81,77,0.21446262404149158,True
2026,2026-09-06T17:34:56.895103+00:00,current,26,UCLA,1,1-3,38.33683191880091,47.005609903682924,-8.668777984882013,31,42,-11,79,74,0.17250516208816297,True
2026,2026-09-06T17:34:56.895103+00:00,current,30,USC,2,1-3,34.610512973052714,16.65763559432341,17.952877378729305,29,12,17,67,31,0.3564025190505885,True
2026,2026-09-06T17:34:56.895103+00:00,current,36,Colorado State,1,1-3,55.90090831564737,85.28205480037,-29.381146484722635,53,89,-36,93,79,0.35434159531977316,True
2026,2026-09-06T17:34:56.895103+00:00,current,38,Colorado,1,1-3,58.52247426227391,71.71027175476675,-13.187797492492841,56,72,-16,93,83,0.17699977153810376,True
2026,2026-09-06T17:34:56.895103+00:00,current,41,UConn,1,1-3,51.1932112017482,77.67062996898416,-26.47741876723596,46,79,-33,95,86,0.3161916635640548,True
2026,2026-09-06T17:34:56.895103+00:00,current,48,Delaware,1,1-3,74.36159926583488,84.13531272831499,-9.773713462480103,77,88,-11,102,88,0.13917522294682164,True
2026,2026-09-06T17:34:56.895103+00:00,current,52,Florida State,1,1-3,68.93584386063652,45.64031134515283,23.295532515483693,69,41,28,96,73,0.3018700458691653,True
2026,2026-09-06T17:34:56.895103+00:00,current,55,Jacksonville State,2,1-3,83.88116223646661,88.371471600634,-4.490309364167388,87,92,-5,86,74,0.10278979973309806,True
2026,2026-09-06T17:34:56.895103+00:00,current,57,Florida,1,1-3,31.774370298308604,23.538000855485087,8.236369442823516,24,18,6,69,43,0.19748326491893986,True
2026,2026-09-06T17:34:56.895103+00:00,current,58,South Florida,1,1-3,70.38981299279314,66.2586564366139,4.131156556179235,71,66,5,96,83,0.10584610746427062,True
2026,2026-09-06T17:34:56.895103+00:00,current,59,Georgia Tech,1,1-3,79.58046421759119,65.02127172546629,14.559192492124893,82,64,18,94,82,0.19805121775018,True
2026,2026-09-06T17:34:56.895103+00:00,current,61,Georgia,1,1-3,42.318687818728336,8.336412069093981,33.982275749634354,36,5,31,85,16,0.6029024989739405,True
2026,2026-09-06T17:34:56.895103+00:00,current,62,Hawai'i,2,1-3,105.4264479997944,101.47195481695601,3.954493182838391,111,106,5,64,59,0.12080935247087374,True
2026,2026-09-06T17:34:56.895103+00:00,current,66,Iowa State,1,1-3,68.199256657778,64.6514384253692,3.547818232408801,68,64,4,99,85,0.10888778053290615,True
2026,2026-09-06T17:34:56.895103+00:00,current,68,Boise State,1,1-3,46.83962853833184,38.970503238710265,7.869125299621572,41,33,8,88,67,0.16072616605694032,True
2026,2026-09-06T17:34:56.895103+00:00,current,77,Northwestern,1,1-3,69.49752678368434,51.28192383515215,18.215602948532187,70,47,23,97,77,0.23939278736187702,True
2026,2026-09-06T17:34:56.895103+00:00,current,84,Indiana,1,1-3,35.587903560298145,13.508047671291287,22.079855889006858,28,9,19,74,27,0.4018890623018225,True
2026,2026-09-06T17:34:56.895103+00:00,current,87,Notre Dame,0,0,69.50000000000001,15.778316386139226,53.72168361386079,70,10,60,111,34,0.6397932451984951,False
2026,2026-09-06T17:34:56.895103+00:00,current,96,Kentucky,1,1-3,57.784018677955316,58.39278960413236,-0.6087709261770442,55,56,-1,96,81,0.10998821457378845,True
2026,2026-09-06T17:34:56.895103+00:00,current,97,Louisville,0,0,69.50000000000001,49.52158216426261,19.978417835737403,70,44,26,111,83,0.2538283620662112,False
2026,2026-09-06T17:34:56.895103+00:00,current,98,Western Kentucky,1,1-3,113.42878877186459,100.00828940725064,13.420499364613946,122,106,16,59,68,0.27290131799143325,True
2026,2026-09-06T17:34:56.895103+00:00,current,99,LSU,1,1-3,21.965730142067592,17.905419577255916,4.060310564811676,13,13,0,53,34,0.19695192861392302,True
2026,2026-09-06T17:34:56.895103+00:00,current,103,Boston College,1,1-3,89.68127956468823,99.18808809015094,-9.506808525462716,95,105,-10,89,69,0.16203331605915844,True
2026,2026-09-06T17:34:56.895103+00:00,current,113,Massachusetts,1,1-3,42.389408576897004,129.79436410596261,-87.4049555290656,36,135,-99,82,24,0.8979297270801658,True
2026,2026-09-06T17:34:56.895103+00:00,current,120,Maryland,1,1-3,42.53038483256511,47.38267890379698,-4.852294071231867,36,43,-7,85,76,0.14511080164597998,True
2026,2026-09-06T17:34:56.895103+00:00,current,127,Michigan State,1,1-3,58.57711201129892,64.93862565637491,-6.361513645075988,56,64,-8,94,81,0.12655303659106742,True
2026,2026-09-06T17:34:56.895103+00:00,current,130,Michigan,1,1-3,68.00140420153917,28.203514591574727,39.79788960996444,68,22,46,95,53,0.5110664509753667,True
2026,2026-09-06T17:34:56.895103+00:00,current,135,Minnesota,1,1-3,41.66088619336431,33.855340063438646,7.805546129925666,35,28,7,83,61,0.16779452855266475,True
2026,2026-09-06T17:34:56.895103+00:00,current,142,Missouri,1,1-3,58.659510573764734,36.956776917842376,21.70273365592236,55,31,24,99,66,0.28716975402733635,True
2026,2026-09-06T17:34:56.895103+00:00,current,145,Ole Miss,0,0,69.50000000000001,24.505900677880504,44.99409932211951,70,17,53,111,52,0.5190883111998669,False
2026,2026-09-06T17:34:56.895103+00:00,current,150,Duke,1,1-3,53.08929000108376,52.897549171815626,0.1917408292681344,49,49,0,91,78,0.09794985194773659,True
2026,2026-09-06T17:34:56.895103+00:00,current,151,East Carolina,1,1-3,94.41497515032515,91.52898577985722,2.885989370467925,101,97,4,87,77,0.11565859529437471,True
2026,2026-09-06T17:34:56.895103+00:00,current,152,NC State,1,1-3,95.46038405850504,65.09842247682168,30.36196158168336,102,64,38,84,82,0.384178725431807,True
2026,2026-09-06T17:34:56.895103+00:00,current,153,North Carolina,1,1-3,53.68355025796314,60.28997856803451,-6.606428310071372,50,58,-8,90,80,0.1288387508556466,True
2026,2026-09-06T17:34:56.895103+00:00,current,154,Wake Forest,1,1-3,56.146761731840165,57.671816863078654,-1.5250551312384886,53,55,-2,93,80,0.10816567599106362,True
2026,2026-09-06T17:34:56.895103+00:00,current,158,Nebraska,1,1-3,41.67857259063065,36.92750811037455,4.7510644802560975,35,31,4,82,63,0.14695776840630598,True
2026,2026-09-06T17:34:56.895103+00:00,current,164,Rutgers,1,1-3,117.21506750226179,97.38348155924363,19.831585943018155,127,105,22,56,76,0.3677585758988633,True
2026,2026-09-06T17:34:56.895103+00:00,current,166,New Mexico State,2,1-3,78.63972864602164,111.6715041247141,-33.03177547869247,81,117,-36,88,53,0.4579921120558277,True
2026,2026-09-06T17:34:56.895103+00:00,current,167,New Mexico,1,1-3,42.02132848932467,63.096085665995396,-21.07475717667073,35,62,-27,83,83,0.2851214970806268,True
2026,2026-09-06T17:34:56.895103+00:00,current,183,Syracuse,1,1-3,40.7686395974928,58.14650473962323,-17.37786514213043,34,56,-22,83,84,0.24981462780980346,True
2026,2026-09-06T17:34:56.895103+00:00,current,189,Bowling Green,1,1-3,104.91703890904533,120.09125050726408,-15.174211598218747,113,125,-12,72,37,0.27320568192610173,True
2026,2026-09-06T17:34:56.895103+00:00,current,193,Miami (OH),1,1-3,109.00977117055291,110.07661873551494,-1.066847564962032,118,116,2,66,54,0.13888197257673512,True
2026,2026-09-06T17:34:56.895103+00:00,current,194,Ohio State,1,1-3,31.898948573502377,5.975176209571944,25.923772363930432,24,4,20,69,12,0.5946767142162648,True
2026,2026-09-06T17:34:56.895103+00:00,current,195,Ohio,1,1-3,94.40271494013797,92.6805212103374,1.7221937298005656,101,98,3,86,75,0.10721585127930197,True
2026,2026-09-06T17:34:56.895103+00:00,current,197,Oklahoma State,1,1-3,92.28573166385023,107.37652540153178,-15.090793737681551,98,113,-15,87,58,0.2306682949511161,True
2026,2026-09-06T17:34:56.895103+00:00,current,201,Oklahoma,1,1-3,34.11558262838294,14.608462578424538,19.507120049958402,26,11,15,73,28,0.3745351116301277,True
2026,2026-09-06T17:34:56.895103+00:00,current,202,Tulsa,1,1-3,66.1984653000706,87.11566531025971,-20.91720001018912,66,91,-25,96,76,0.2674090763337484,True
2026,2026-09-06T17:34:56.895103+00:00,current,204,Oregon State,1,1-3,72.84094982171484,88.44129485390143,-15.600345032186581,73,92,-19,95,77,0.21123736839838886,True
2026,2026-09-06T17:34:56.895103+00:00,current,213,Penn State,1,1-3,28.869247041109595,25.631397101904685,3.23784993920491,21,20,1,65,48,0.1553687081205405,True
2026,2026-09-06T17:34:56.895103+00:00,current,218,Temple,1,1-3,65.35794024135905,84.02931059522366,-18.671370353864617,64,87,-23,99,82,0.2358981538014373,True
2026,2026-09-06T17:34:56.895103+00:00,current,221,Pittsburgh,1,1-3,31.269335036469734,30.21805633569426,1.0512787007754731,23,24,-1,68,54,0.15207247061005497,True
2026,2026-09-06T17:34:56.895103+00:00,current,228,Clemson,1,1-3,103.36292327718186,59.82671855860237,43.53620471857949,112,57,55,75,81,0.5318660585616128,True
2026,2026-09-06T17:34:56.895103+00:00,current,235,Memphis,2,1-3,48.13477597987345,57.61584775348333,-9.481071773609877,44,56,-12,78,73,0.1478178173164223,True
2026,2026-09-06T17:34:56.895103+00:00,current,238,Vanderbilt,1,1-3,73.68363287437093,50.79858939839727,22.88504347597366,75,46,29,99,81,0.2806479470096336,True
2026,2026-09-06T17:34:56.895103+00:00,current,239,Baylor,1,1-3,64.36040258547052,58.23319162759138,6.127210957879143,63,56,7,95,80,0.11671713070726869,True
2026,2026-09-06T17:34:56.895103+00:00,current,242,Rice,1,1-3,66.7458254745816,93.42169072040826,-26.67586524582667,66,99,-33,99,78,0.31772698243047515,True
2026,2026-09-06T17:34:56.895103+00:00,current,245,Texas A&M,1,1-3,29.95969590165514,12.795333374244526,17.164362527410617,22,9,13,65,25,0.3542192407854272,True
2026,2026-09-06T17:34:56.895103+00:00,current,248,Houston,1,1-3,64.02528098617451,44.90110036994152,19.12418061623299,63,40,23,96,73,0.2544867068895274,True
2026,2026-09-06T17:34:56.895103+00:00,current,249,North Texas,1,1-3,92.2986729327715,92.7633494688662,-0.46467653609470005,99,98,1,89,77,0.09745439431994363,True
2026,2026-09-06T17:34:56.895103+00:00,current,251,Texas,1,1-3,26.333273231961424,9.84559188488029,16.487681347081136,18,7,11,60,19,0.37011510488114585,True
2026,2026-09-06T17:34:56.895103+00:00,current,252,BYU,1,1-3,54.9150800927024,22.817747733353997,32.0973323593484,51,16,35,96,48,0.43790098021791307,True
2026,2026-09-06T17:34:56.895103+00:00,current,254,Utah,1,1-3,46.88093523301588,23.175614529455448,23.705320703560435,41,17,24,90,46,0.35716316888339333,True
2026,2026-09-06T17:34:56.895103+00:00,current,256,James Madison,1,1-3,72.32111923904182,64.60578630375842,7.715332935283399,73,64,9,96,82,0.13393741761398714,True
2026,2026-09-06T17:34:56.895103+00:00,current,258,Virginia,1,1-3,33.320844485467774,38.270053641236004,-4.94920915576823,25,32,-7,72,66,0.16037842711735129,True
2026,2026-09-06T17:34:56.895103+00:00,current,259,Virginia Tech,1,1-3,38.91170217817569,47.33977219010653,-8.428070011930842,32,44,-12,80,75,0.18003349454933423,True
2026,2026-09-06T17:34:56.895103+00:00,current,264,Washington,0,0,69.50000000000001,33.822988630462184,35.67701136953783,70,26,44,111,66,0.4121529071753125,False
2026,2026-09-06T17:34:56.895103+00:00,current,265,Washington State,0,0,69.50000000000001,55.739508274194044,13.76049172580597,70,52,18,111,88,0.19863896423821992,False
2026,2026-09-06T17:34:56.895103+00:00,current,275,Wisconsin,0,0,69.50000000000001,58.8263719420773,10.673628057922713,70,56,14,111,87,0.18824504035797035,False
2026,2026-09-06T17:34:56.895103+00:00,current,276,Marshall,1,1-3,107.88796975705537,101.1958590162791,6.692110740776272,116,108,8,69,66,0.17444549565758943,True
2026,2026-09-06T17:34:56.895103+00:00,current,277,West Virginia,1,1-3,74.99010797217564,76.01030067098941,-1.0201926988137728,77,78,-1,96,81,0.10700344447990358,True
2026,2026-09-06T17:34:56.895103+00:00,current,278,Fresno State,1,1-3,98.43330717313592,92.1503775460222,6.282929627113717,106,97,9,82,75,0.14772206722516734,True
2026,2026-09-06T17:34:56.895103+00:00,current,290,Georgia Southern,1,1-3,67.47253308152663,87.23012959427483,-19.757596512748194,67,91,-24,100,81,0.24591259525557763,True
2026,2026-09-06T17:34:56.895103+00:00,current,295,Old Dominion,1,1-3,77.96632980413092,82.11593016982341,-4.149600365692493,81,86,-5,101,86,0.11182439726814138,True
2026,2026-09-06T17:34:56.895103+00:00,current,309,Louisiana,1,1-3,62.18072337445557,68.53030010755855,-6.349576733102978,60,68,-8,98,85,0.12036841526315215,True
2026,2026-09-06T17:34:56.895103+00:00,current,324,Coastal Carolina,1,1-3,75.6119845551326,96.1043475151102,-20.492362959977612,77,101,-24,94,72,0.26769602714817753,True
2026,2026-09-06T17:34:56.895103+00:00,current,326,Texas State,1,1-3,105.83619438641813,100.16328767621253,5.672906710205595,115,107,8,74,70,0.14901251855843436,True
2026,2026-09-06T17:34:56.895103+00:00,current,328,Utah State,1,1-3,109.58882361200976,106.47344059660689,3.1153830154028697,118,113,5,64,56,0.1590232043663688,True
2026,2026-09-06T17:34:56.895103+00:00,current,333,Alabama,1,1-3,33.09949118467324,12.368817491142417,20.730673693530825,25,9,16,71,24,0.4088663840579934,True
2026,2026-09-06T17:34:56.895103+00:00,current,338,Kennesaw State,1,1-3,57.83134118577508,86.13271597380803,-28.301374788032952,55,90,-35,99,84,0.3282245388618493,True
2026,2026-09-06T17:34:56.895103+00:00,current,344,Mississippi State,1,1-3,34.29315495071921,39.099019703930715,-4.805864753211502,27,34,-7,73,65,0.16045867882043024,True
2026,2026-09-06T17:34:56.895103+00:00,current,349,Army,1,1-3,36.01764043351575,55.760674129145194,-19.743033695629443,28,53,-25,75,82,0.2889948425980203,True
2026,2026-09-06T17:34:56.895103+00:00,current,356,Illinois,1,1-3,57.08193967910647,46.49643799989328,10.585501679213188,54,42,12,93,75,0.16264967027593563,True
2026,2026-09-06T17:34:56.895103+00:00,current,2005,Air Force,1,1-3,64.32299786097236,88.89633791239575,-24.573340051423386,63,93,-30,102,79,0.2998883703939459,True
2026,2026-09-06T17:34:56.895103+00:00,current,2006,Akron,1,1-3,92.24177968059114,107.71779274890392,-15.476013068312781,98,114,-16,87,59,0.2335244720756166,True
2026,2026-09-06T17:34:56.895103+00:00,current,2026,App State,1,1-3,44.31165801140307,68.54491051169231,-24.23325250028924,38,68,-30,86,82,0.3191878892008842,True
2026,2026-09-06T17:34:56.895103+00:00,current,2032,Arkansas State,1,1-3,87.8670559887007,95.00370282199205,-7.136646833291351,92,100,-8,88,72,0.13648376293761816,True
2026,2026-09-06T17:34:56.895103+00:00,current,2050,Ball State,1,1-3,103.64669244350036,123.40351403938108,-19.756821595880723,113,128,-15,79,32,0.3432793300433389,True
2026,2026-09-06T17:34:56.895103+00:00,current,2084,Buffalo,1,1-3,98.59406897553522,118.64996967688181,-20.055900701346587,107,124,-17,84,41,0.3169433357992023,True
2026,2026-09-06T17:34:56.895103+00:00,current,2116,UCF,1,1-3,39.812854862561906,52.31810304195909,-12.505248179397185,33,49,-16,82,78,0.21335993386300772,True
2026,2026-09-06T17:34:56.895103+00:00,current,2117,Central Michigan,1,1-3,106.70251032371101,108.85611411154058,-2.1536037878295673,115,115,0,71,56,0.14394868089360405,True
2026,2026-09-06T17:34:56.895103+00:00,current,2132,Cincinnati,1,1-3,56.13574777991589,59.990190683244634,-3.8544429033287457,53,58,-5,93,81,0.11159534434147744,True
2026,2026-09-06T17:34:56.895103+00:00,current,2199,Eastern Michigan,2,1-3,86.01415824682971,97.88734555824065,-11.873187311410945,89,102,-13,81,65,0.17912043304533418,True
2026,2026-09-06T17:34:56.895103+00:00,current,2226,Florida Atlantic,1,1-3,106.56434875554304,110.18711268282026,-3.6227639272772194,115,116,-1,71,53,0.1485168069725601,True
2026,2026-09-06T17:34:56.895103+00:00,current,2229,Florida International,1,1-3,76.52329981023532,95.45332135139938,-18.930021541164066,78,101,-23,94,74,0.24764178728296177,True
2026,2026-09-06T17:34:56.895103+00:00,current,2247,Georgia State,1,1-3,57.124236607972676,102.6557881269559,-45.53155151898322,54,109,-55,98,70,0.5148094565223865,True
2026,2026-09-06T17:34:56.895103+00:00,current,2294,Iowa,1,1-3,37.80274791864432,19.617668591451565,18.185079327192756,31,14,17,78,39,0.3178110998217174,True
2026,2026-09-06T17:34:56.895103+00:00,current,2305,Kansas,1,1-3,55.825997297710884,61.431049008800166,-5.605051711089281,52,59,-7,97,85,0.12152608060625128,True
2026,2026-09-06T17:34:56.895103+00:00,current,2306,Kansas State,1,1-3,33.014191641974456,28.429296394967167,4.584895247007289,24,21,3,71,54,0.1616418806156715,True
2026,2026-09-06T17:34:56.895103+00:00,current,2309,Kent State,1,1-3,112.90387927249222,122.20796598120155,-9.304086708709335,122,127,-5,60,32,0.2091303455769658,True
2026,2026-09-06T17:34:56.895103+00:00,current,2335,Liberty,1,1-3,71.24032650883285,87.97752211749683,-16.73719560866398,72,92,-20,95,77,0.22188196681609676,True
2026,2026-09-06T17:34:56.895103+00:00,current,2348,Louisiana Tech,1,1-3,36.612810998389165,53.994271937823704,-17.38146093943454,28,51,-23,78,80,0.27152311728673606,True
2026,2026-09-06T17:34:56.895103+00:00,current,2390,Miami,1,1-3,27.085312839766434,10.74511423841423,16.340198601352206,19,7,12,61,21,0.3587235879135576,True
2026,2026-09-06T17:34:56.895103+00:00,current,2393,Middle Tennessee,1,1-3,84.62800834027892,114.60018039595732,-29.9721720556784,90,121,-31,99,49,0.40120636987697095,True
2026,2026-09-06T17:34:56.895103+00:00,current,2426,Navy,1,1-3,78.02184545992935,91.24874227022494,-13.226896810295585,81,96,-15,101,79,0.18419670175919137,True
2026,2026-09-06T17:34:56.895103+00:00,current,2429,Charlotte,1,1-3,109.33768363271497,127.64033562228612,-18.302651989571146,119,131,-12,68,23,0.3607094800548091,True
2026,2026-09-06T17:34:56.895103+00:00,current,2433,UL Monroe,1,1-3,112.96147807048459,126.26157132970951,-13.300093259224923,121,130,-9,60,25,0.2895575642180519,True
2026,2026-09-06T17:34:56.895103+00:00,current,2439,UNLV,2,1-3,64.50243816632003,71.81140258927243,-7.3089644229524,64,72,-8,82,76,0.10592354592404106,True
2026,2026-09-06T17:34:56.895103+00:00,current,2440,Nevada,1,1-3,32.87288452495069,71.09779397744946,-38.224909452498764,25,71,-46,71,84,0.4877492626100983,True
2026,2026-09-06T17:34:56.895103+00:00,current,2449,North Dakota State,2,1-3,41.281505703209795,37.65172810673155,3.629777596478249,36,32,4,76,67,0.09172797162499279,True
2026,2026-09-06T17:34:56.895103+00:00,current,2459,Northern Illinois,1,1-3,99.58316997846312,113.34157843285585,-13.758408454392736,107,119,-12,81,50,0.23067039813487833,True
2026,2026-09-06T17:34:56.895103+00:00,current,2483,Oregon,1,1-3,56.946865184102776,9.426602783790841,47.520262400311935,54,6,48,92,20,0.7219935607230963,True
2026,2026-09-06T17:34:56.895103+00:00,current,2509,Purdue,1,1-3,75.70272647395382,82.7006856188127,-6.997959144858882,78,86,-8,100,83,0.13381916597237192,True
2026,2026-09-06T17:34:56.895103+00:00,current,2534,Sam Houston,1,1-3,73.81606625599811,113.62347182266315,-39.80740556666504,75,120,-45,95,53,0.5127516702234579,True
2026,2026-09-06T17:34:56.895103+00:00,current,2567,SMU,0,0,69.50000000000001,47.52661921736889,21.973380782631125,70,41,29,111,84,0.26050317129545064,False
2026,2026-09-06T17:34:56.895103+00:00,current,2572,Southern Miss,1,1-3,53.54127223646858,64.13435728802607,-10.593085051557487,49,63,-14,97,84,0.17451175733162264,True
2026,2026-09-06T17:34:56.895103+00:00,current,2579,South Carolina,1,1-3,28.837362659387434,23.15815416640997,5.679208492977462,21,18,3,64,44,0.16878821113055595,True
2026,2026-09-06T17:34:56.895103+00:00,current,2623,Missouri State,1,1-3,105.59716803342721,111.823732479723,-6.2265644462957965,114,118,-4,74,53,0.1505060163599137,True
2026,2026-09-06T17:34:56.895103+00:00,current,2628,TCU,1,1-3,76.97196364428751,54.71739996712589,22.25456367716162,79,52,27,95,77,0.28423428690475305,True
2026,2026-09-06T17:34:56.895103+00:00,current,2633,Tennessee,1,1-3,52.743100870168185,28.902302115915095,23.84079875425309,48,22,26,96,56,0.327946019702833,True
2026,2026-09-06T17:34:56.895103+00:00,current,2636,UTSA,1,1-3,69.4004693053835,67.15751313505571,2.242956170327787,70,67,3,102,87,0.10961919394036423,True
2026,2026-09-06T17:34:56.895103+00:00,current,2638,UTEP,1,1-3,106.63700110247248,127.079568691606,-20.442567589133517,115,131,-16,72,25,0.3906126037169391,True
2026,2026-09-06T17:34:56.895103+00:00,current,2641,Texas Tech,1,1-3,78.95934799765753,29.423500074970146,49.53584792268738,83,23,60,100,59,0.5732673046475834,True
2026,2026-09-06T17:34:56.895103+00:00,current,2649,Toledo,1,1-3,79.85051474151471,73.4424543674393,6.4080603740754185,83,74,9,93,83,0.1161475315377993,True
2026,2026-09-06T17:34:56.895103+00:00,current,2653,Troy,1,1-3,90.32261046689602,94.36205973591308,-4.039449269017055,96,99,-3,90,72,0.1259025555878548,True
2026,2026-09-06T17:34:56.895103+00:00,current,2655,Tulane,1,1-3,81.33429857492573,73.2665858335378,8.067712741387922,84,74,10,93,85,0.11934432805794247,True
2026,2026-09-06T17:34:56.895103+00:00,current,2711,Western Michigan,1,1-3,47.62233852746485,45.04055978145487,2.581778746009981,42,40,2,87,73,0.11165122283046833,True
2026,2026-09-06T17:34:56.895103+00:00,current,2751,Wyoming,1,1-3,102.76885385147315,113.4080570972622,-10.639203245789048,111,119,-8,76,48,0.20518469481003157,True
