season,cutoff_label,cutoff,cutoff_index,is_final_cutoff,prior_family,population_view,candidate,game_count,ypp_observed_game_count,game_key_sha256,team_key_sha256,matched_fbs_teams,nll,crps,expected_rank_mae,median_rank_mae,interval_80_coverage,interval_80_width,mean_entropy,mean_max_probability,top5_brier,top10_brier,top25_brier,posterior_converged,posterior_iterations,posterior_max_message_delta
2022,q1_2022-08-27,2022-08-27T23:59:59+00:00,0,False,context,full,v1,10,10,3326a2a32dc4b5614ba594ed2d20f49e789f967f8de078278d95f6dfee184f8f,49743212ca21de2549dcf9059f615351c6f2df2ee6b3cb2e27fabaf419a4e300,131,4.46020139944818,0.07373297771583764,18.69966999941962,18.80916030534351,0.8267267543456268,70.35114503816794,4.4775861178350835,0.026497333500565576,0.013083061899408239,0.028467665383567264,0.08760103742944406,True,12,6.791179737314357e-07
2022,q1_2022-08-27,2022-08-27T23:59:59+00:00,0,False,context,full,y1,10,10,3326a2a32dc4b5614ba594ed2d20f49e789f967f8de078278d95f6dfee184f8f,49743212ca21de2549dcf9059f615351c6f2df2ee6b3cb2e27fabaf419a4e300,131,4.46020139944818,0.07373297771583764,18.69966999941962,18.80916030534351,0.8267267543456268,70.35114503816794,4.4775861178350835,0.026497333500565576,0.013083061899408239,0.028467665383567264,0.08760103742944406,True,12,6.791179737314357e-07
2022,q1_2022-08-27,2022-08-27T23:59:59+00:00,0,False,context,full,y2,10,10,3326a2a32dc4b5614ba594ed2d20f49e789f967f8de078278d95f6dfee184f8f,49743212ca21de2549dcf9059f615351c6f2df2ee6b3cb2e27fabaf419a4e300,131,4.459343297225769,0.07359750286680562,18.68490377940778,18.778625954198475,0.8271866090315461,70.33587786259542,4.477931869048897,0.026493690698371836,0.013083976582591998,0.028464137293940043,0.08731515102071648,True,12,7.930530196084695e-07
2022,q1_2022-08-27,2022-08-27T23:59:59+00:00,0,False,history,full,v1,10,10,3326a2a32dc4b5614ba594ed2d20f49e789f967f8de078278d95f6dfee184f8f,49743212ca21de2549dcf9059f615351c6f2df2ee6b3cb2e27fabaf419a4e300,131,4.519058671900622,0.08158211774035715,21.067931227720557,21.15267175572519,0.8455807964683161,74.72519083969466,4.5399177080406545,0.023607467931219418,0.01574673844374604,0.03262775133913097,0.09366203294809182,True,12,6.791179737314357e-07
2022,q1_2022-08-27,2022-08-27T23:59:59+00:00,0,False,history,full,y1,10,10,3326a2a32dc4b5614ba594ed2d20f49e789f967f8de078278d95f6dfee184f8f,49743212ca21de2549dcf9059f615351c6f2df2ee6b3cb2e27fabaf419a4e300,131,4.519058671900622,0.08158211774035715,21.067931227720557,21.15267175572519,0.8455807964683161,74.72519083969466,4.5399177080406545,0.023607467931219418,0.01574673844374604,0.03262775133913097,0.09366203294809182,True,12,6.791179737314357e-07
2022,q1_2022-08-27,2022-08-27T23:59:59+00:00,0,False,history,full,y2,10,10,3326a2a32dc4b5614ba594ed2d20f49e789f967f8de078278d95f6dfee184f8f,49743212ca21de2549dcf9059f615351c6f2df2ee6b3cb2e27fabaf419a4e300,131,4.517984549767079,0.08140157544308937,21.04974862456495,21.137404580152673,0.8463165639657868,74.77862595419847,4.540546264002817,0.023597593700072757,0.01574681504600084,0.03261841767638819,0.09332789494137053,True,12,7.930530196084695e-07
2022,q2_2022-09-22,2022-09-22T23:59:59+00:00,1,False,context,full,v1,365,358,2d1485e40496c6e8370c2938128f612399a5fcb75b27879ebdfb8efcc0bee7ae,49743212ca21de2549dcf9059f615351c6f2df2ee6b3cb2e27fabaf419a4e300,131,4.285557191259587,0.053038825523953205,14.6902313874229,14.946564885496183,0.7968361997608756,48.62595419847328,4.145661987059209,0.03780645136379608,0.008388865904579759,0.01983931072642268,0.07090114315692998,True,20,6.419265009965924e-07
2022,q2_2022-09-22,2022-09-22T23:59:59+00:00,1,False,context,full,y1,365,358,2d1485e40496c6e8370c2938128f612399a5fcb75b27879ebdfb8efcc0bee7ae,49743212ca21de2549dcf9059f615351c6f2df2ee6b3cb2e27fabaf419a4e300,131,4.285557191259587,0.053038825523953205,14.6902313874229,14.946564885496183,0.7968361997608756,48.62595419847328,4.145661987059209,0.03780645136379608,0.008388865904579759,0.01983931072642268,0.07090114315692998,True,20,6.419265009965924e-07
2022,q2_2022-09-22,2022-09-22T23:59:59+00:00,1,False,context,full,y2,365,358,2d1485e40496c6e8370c2938128f612399a5fcb75b27879ebdfb8efcc0bee7ae,49743212ca21de2549dcf9059f615351c6f2df2ee6b3cb2e27fabaf419a4e300,131,4.269514771656477,0.05138119436652987,14.18972479918951,14.541984732824428,0.7978478800698979,48.030534351145036,4.133519142649853,0.038162294399717266,0.008102858595281618,0.01930737575830326,0.07018661934467456,True,20,8.068777882785927e-07
2022,q2_2022-09-22,2022-09-22T23:59:59+00:00,1,False,history,full,v1,365,358,2d1485e40496c6e8370c2938128f612399a5fcb75b27879ebdfb8efcc0bee7ae,49743212ca21de2549dcf9059f615351c6f2df2ee6b3cb2e27fabaf419a4e300,131,4.311257846344737,0.05643931365112114,15.568826428906847,15.98473282442748,0.7965602869493239,50.25954198473283,4.181207413570592,0.035535589945132784,0.010100299753101904,0.022825998400433745,0.07477499110628176,True,20,6.9846447828259e-07
2022,q2_2022-09-22,2022-09-22T23:59:59+00:00,1,False,history,full,y1,365,358,2d1485e40496c6e8370c2938128f612399a5fcb75b27879ebdfb8efcc0bee7ae,49743212ca21de2549dcf9059f615351c6f2df2ee6b3cb2e27fabaf419a4e300,131,4.311257846344737,0.05643931365112114,15.568826428906847,15.98473282442748,0.7965602869493239,50.25954198473283,4.181207413570592,0.035535589945132784,0.010100299753101904,0.022825998400433745,0.07477499110628176,True,20,6.9846447828259e-07
2022,q2_2022-09-22,2022-09-22T23:59:59+00:00,1,False,history,full,y2,365,358,2d1485e40496c6e8370c2938128f612399a5fcb75b27879ebdfb8efcc0bee7ae,49743212ca21de2549dcf9059f615351c6f2df2ee6b3cb2e27fabaf419a4e300,131,4.293208822215649,0.0544820913510942,15.161178872020555,15.618320610687023,0.7939851007081763,49.51145038167939,4.167935101739238,0.03593463174129863,0.009881590498156147,0.022461003689350847,0.07404079013389708,True,20,9.308227584964301e-07
2022,q3_2022-10-07,2022-10-07T23:59:59+00:00,2,False,context,full,v1,600,591,bb9f81be52caf92412944317623da928bff514ce0af9bd8835c81eb5af0e9ab2,49743212ca21de2549dcf9059f615351c6f2df2ee6b3cb2e27fabaf419a4e300,131,4.163421849038701,0.04215366685649616,12.150445986907956,12.389312977099237,0.7912259725926608,42.534351145038165,4.0483187411535235,0.039737403644118485,0.008509009059297773,0.017172422564803436,0.0588369347071597,True,26,8.149335026935711e-07
2022,q3_2022-10-07,2022-10-07T23:59:59+00:00,2,False,context,full,y1,600,591,bb9f81be52caf92412944317623da928bff514ce0af9bd8835c81eb5af0e9ab2,49743212ca21de2549dcf9059f615351c6f2df2ee6b3cb2e27fabaf419a4e300,131,4.163421849038701,0.04215366685649616,12.150445986907956,12.389312977099237,0.7912259725926608,42.534351145038165,4.0483187411535235,0.039737403644118485,0.008509009059297773,0.017172422564803436,0.0588369347071597,True,26,8.149335026935711e-07
2022,q3_2022-10-07,2022-10-07T23:59:59+00:00,2,False,context,full,y2,600,591,bb9f81be52caf92412944317623da928bff514ce0af9bd8835c81eb5af0e9ab2,49743212ca21de2549dcf9059f615351c6f2df2ee6b3cb2e27fabaf419a4e300,131,4.146270358986491,0.040560580551131604,11.816327790059809,12.16030534351145,0.79288144946197,41.66412213740458,4.029041993831063,0.04037124410863663,0.007852377188116912,0.015889511965558007,0.05603955041027757,True,23,6.817557391958218e-07
2022,q3_2022-10-07,2022-10-07T23:59:59+00:00,2,False,history,full,v1,600,591,bb9f81be52caf92412944317623da928bff514ce0af9bd8835c81eb5af0e9ab2,49743212ca21de2549dcf9059f615351c6f2df2ee6b3cb2e27fabaf419a4e300,131,4.183284918557221,0.044524712188699626,12.668122616770994,13.022900763358779,0.7834084429320335,43.64885496183206,4.077504250457189,0.037588610818651745,0.009629332340020235,0.01797938845192527,0.059902588050162124,True,26,7.922603931787009e-07
2022,q3_2022-10-07,2022-10-07T23:59:59+00:00,2,False,history,full,y1,600,591,bb9f81be52caf92412944317623da928bff514ce0af9bd8835c81eb5af0e9ab2,49743212ca21de2549dcf9059f615351c6f2df2ee6b3cb2e27fabaf419a4e300,131,4.183284918557221,0.044524712188699626,12.668122616770994,13.022900763358779,0.7834084429320335,43.64885496183206,4.077504250457189,0.037588610818651745,0.009629332340020235,0.01797938845192527,0.059902588050162124,True,26,7.922603931787009e-07
2022,q3_2022-10-07,2022-10-07T23:59:59+00:00,2,False,history,full,y2,600,591,bb9f81be52caf92412944317623da928bff514ce0af9bd8835c81eb5af0e9ab2,49743212ca21de2549dcf9059f615351c6f2df2ee6b3cb2e27fabaf419a4e300,131,4.157632386004298,0.042163661540587864,12.31769810268738,12.65648854961832,0.7891106410374321,42.717557251908396,4.0573816374334015,0.038273226694541945,0.009135873674827015,0.017045421470735726,0.056948156812097535,True,23,9.716380267588143e-07
2022,q4_2022-10-27,2022-10-27T23:59:59+00:00,3,False,context,full,v1,923,911,4d97d6c4eded7819de2278740ef1cd9f23676053f85314bb3c825fb83a36278c,49743212ca21de2549dcf9059f615351c6f2df2ee6b3cb2e27fabaf419a4e300,131,4.07750816839807,0.03565090709160298,10.807644683086625,11.183206106870228,0.7744872620252001,36.16030534351145,3.9077506124410886,0.043974469756221435,0.005130321576000126,0.012807814115111633,0.04870074729925254,True,36,8.96845447587169e-07
2022,q4_2022-10-27,2022-10-27T23:59:59+00:00,3,False,context,full,y1,923,911,4d97d6c4eded7819de2278740ef1cd9f23676053f85314bb3c825fb83a36278c,49743212ca21de2549dcf9059f615351c6f2df2ee6b3cb2e27fabaf419a4e300,131,4.07750816839807,0.03565090709160298,10.807644683086625,11.183206106870228,0.7744872620252001,36.16030534351145,3.9077506124410886,0.043974469756221435,0.005130321576000126,0.012807814115111633,0.04870074729925254,True,36,8.96845447587169e-07
2022,q4_2022-10-27,2022-10-27T23:59:59+00:00,3,False,context,full,y2,923,911,4d97d6c4eded7819de2278740ef1cd9f23676053f85314bb3c825fb83a36278c,49743212ca21de2549dcf9059f615351c6f2df2ee6b3cb2e27fabaf419a4e300,131,4.095923069355261,0.036947175629119096,11.020828994615883,11.442748091603054,0.7594959992642326,35.412213740458014,3.887178497239013,0.04503982557756651,0.004845322995767436,0.012425926166137172,0.04855065996195657,True,38,9.821104741680742e-07
2022,q4_2022-10-27,2022-10-27T23:59:59+00:00,3,False,history,full,v1,923,911,4d97d6c4eded7819de2278740ef1cd9f23676053f85314bb3c825fb83a36278c,49743212ca21de2549dcf9059f615351c6f2df2ee6b3cb2e27fabaf419a4e300,131,4.077717228422327,0.036331699880399485,11.237783123323494,11.51908396946565,0.7702565989147429,36.89312977099237,3.934540530028609,0.041890656561000994,0.006014346733046061,0.012862423096467658,0.04826389115811121,True,35,9.72613049418647e-07
2022,q4_2022-10-27,2022-10-27T23:59:59+00:00,3,False,history,full,y1,923,911,4d97d6c4eded7819de2278740ef1cd9f23676053f85314bb3c825fb83a36278c,49743212ca21de2549dcf9059f615351c6f2df2ee6b3cb2e27fabaf419a4e300,131,4.077717228422327,0.036331699880399485,11.237783123323494,11.51908396946565,0.7702565989147429,36.89312977099237,3.934540530028609,0.041890656561000994,0.006014346733046061,0.012862423096467658,0.04826389115811121,True,35,9.72613049418647e-07
2022,q4_2022-10-27,2022-10-27T23:59:59+00:00,3,False,history,full,y2,923,911,4d97d6c4eded7819de2278740ef1cd9f23676053f85314bb3c825fb83a36278c,49743212ca21de2549dcf9059f615351c6f2df2ee6b3cb2e27fabaf419a4e300,131,4.085796279314945,0.03703645968308976,11.044791604972424,11.48091603053435,0.7575646095833717,36.12213740458015,3.9127848824723186,0.043031211411687455,0.005880507014157592,0.01281866246900632,0.04812246950578525,True,40,8.54462584645721e-07
2022,q5_2022-11-09,2022-11-09T23:59:59+00:00,4,False,context,full,v1,1149,1136,b1ce0c3c8214e5848de41bff699b6a7a7780c30987f397ac103a83abe19ca222,49743212ca21de2549dcf9059f615351c6f2df2ee6b3cb2e27fabaf419a4e300,131,3.9904433950064595,0.029970217834983496,9.668151777183278,9.969465648854962,0.7655660811183668,33.045801526717554,3.8340940194507738,0.046513302696231676,0.0036872837989492045,0.010298624516765574,0.03830910972830955,True,42,8.765886088807351e-07
2022,q5_2022-11-09,2022-11-09T23:59:59+00:00,4,False,context,full,y1,1149,1136,b1ce0c3c8214e5848de41bff699b6a7a7780c30987f397ac103a83abe19ca222,49743212ca21de2549dcf9059f615351c6f2df2ee6b3cb2e27fabaf419a4e300,131,3.9904433950064595,0.029970217834983496,9.668151777183278,9.969465648854962,0.7655660811183668,33.045801526717554,3.8340940194507738,0.046513302696231676,0.0036872837989492045,0.010298624516765574,0.03830910972830955,True,42,8.765886088807351e-07
2022,q5_2022-11-09,2022-11-09T23:59:59+00:00,4,False,context,full,y2,1149,1136,b1ce0c3c8214e5848de41bff699b6a7a7780c30987f397ac103a83abe19ca222,49743212ca21de2549dcf9059f615351c6f2df2ee6b3cb2e27fabaf419a4e300,131,4.050094091799905,0.03324409530305529,10.341567051836606,10.633587786259541,0.7404580152671756,32.404580152671755,3.8113857897293535,0.047666032528588954,0.003903997682124974,0.011630661553864005,0.04036750882094043,True,45,9.612887212351318e-07
2022,q5_2022-11-09,2022-11-09T23:59:59+00:00,4,False,history,full,v1,1149,1136,b1ce0c3c8214e5848de41bff699b6a7a7780c30987f397ac103a83abe19ca222,49743212ca21de2549dcf9059f615351c6f2df2ee6b3cb2e27fabaf419a4e300,131,3.994105164405072,0.03036352763010565,9.723856073733765,10.007633587786259,0.7673135289248598,33.6412213740458,3.8569058216094594,0.04461525151418092,0.004621662710563491,0.010691709596163845,0.038818455603533635,True,41,9.575740330530769e-07
2022,q5_2022-11-09,2022-11-09T23:59:59+00:00,4,False,history,full,y1,1149,1136,b1ce0c3c8214e5848de41bff699b6a7a7780c30987f397ac103a83abe19ca222,49743212ca21de2549dcf9059f615351c6f2df2ee6b3cb2e27fabaf419a4e300,131,3.994105164405072,0.03036352763010565,9.723856073733765,10.007633587786259,0.7673135289248598,33.6412213740458,3.8569058216094594,0.04461525151418092,0.004621662710563491,0.010691709596163845,0.038818455603533635,True,41,9.575740330530769e-07
2022,q5_2022-11-09,2022-11-09T23:59:59+00:00,4,False,history,full,y2,1149,1136,b1ce0c3c8214e5848de41bff699b6a7a7780c30987f397ac103a83abe19ca222,49743212ca21de2549dcf9059f615351c6f2df2ee6b3cb2e27fabaf419a4e300,131,4.036008446608656,0.03277822429562093,10.382949754112033,10.67175572519084,0.7480916030534351,32.954198473282446,3.8340332897543457,0.04587417025445337,0.004897492833447268,0.011982437356545602,0.04110657625214905,True,47,9.456385134387624e-07
2022,q6_2022-11-23,2022-11-23T23:59:59+00:00,5,False,context,full,v1,1398,1385,47af94f2949d2f70dd356a679820d39ec5c229591756c04f3eb9584c2df46d1d,49743212ca21de2549dcf9059f615351c6f2df2ee6b3cb2e27fabaf419a4e300,131,3.8633682297441445,0.02139909888688084,7.692642983258976,7.984732824427481,0.8041019037983997,30.366412213740457,3.7541795781382223,0.04928596322421933,0.004707822595799808,0.006872669063786226,0.025929725240401463,True,51,9.318053325879649e-07
2022,q6_2022-11-23,2022-11-23T23:59:59+00:00,5,False,context,full,y1,1398,1385,47af94f2949d2f70dd356a679820d39ec5c229591756c04f3eb9584c2df46d1d,49743212ca21de2549dcf9059f615351c6f2df2ee6b3cb2e27fabaf419a4e300,131,3.8633682297441445,0.02139909888688084,7.692642983258976,7.984732824427481,0.8041019037983997,30.366412213740457,3.7541795781382223,0.04928596322421933,0.004707822595799808,0.006872669063786226,0.025929725240401463,True,51,9.318053325879649e-07
2022,q6_2022-11-23,2022-11-23T23:59:59+00:00,5,False,context,full,y2,1398,1385,47af94f2949d2f70dd356a679820d39ec5c229591756c04f3eb9584c2df46d1d,49743212ca21de2549dcf9059f615351c6f2df2ee6b3cb2e27fabaf419a4e300,131,3.9464829918093844,0.025993312335106367,8.775821074095001,9.083969465648854,0.762898923940035,29.61832061068702,3.7283790303128415,0.05067359881756313,0.004893806576159954,0.00818495800941746,0.0309173766995167,True,53,9.25042576385704e-07
2022,q6_2022-11-23,2022-11-23T23:59:59+00:00,5,False,history,full,v1,1398,1385,47af94f2949d2f70dd356a679820d39ec5c229591756c04f3eb9584c2df46d1d,49743212ca21de2549dcf9059f615351c6f2df2ee6b3cb2e27fabaf419a4e300,131,3.861466954112231,0.021426167112538436,7.733257761707459,8.022900763358779,0.7990435022532879,30.755725190839694,3.774166837622627,0.047503117764947034,0.005596583964718969,0.00663570943840652,0.024462850750622343,True,50,9.478634597284707e-07
2022,q6_2022-11-23,2022-11-23T23:59:59+00:00,5,False,history,full,y1,1398,1385,47af94f2949d2f70dd356a679820d39ec5c229591756c04f3eb9584c2df46d1d,49743212ca21de2549dcf9059f615351c6f2df2ee6b3cb2e27fabaf419a4e300,131,3.861466954112231,0.021426167112538436,7.733257761707459,8.022900763358779,0.7990435022532879,30.755725190839694,3.774166837622627,0.047503117764947034,0.005596583964718969,0.00663570943840652,0.024462850750622343,True,50,9.478634597284707e-07
2022,q6_2022-11-23,2022-11-23T23:59:59+00:00,5,False,history,full,y2,1398,1385,47af94f2949d2f70dd356a679820d39ec5c229591756c04f3eb9584c2df46d1d,49743212ca21de2549dcf9059f615351c6f2df2ee6b3cb2e27fabaf419a4e300,131,3.9191164394128863,0.02480688586097517,8.699044469377382,9.01526717557252,0.7740274073392809,30.083969465648856,3.748756829394002,0.0488370934046704,0.005893380643265763,0.008075829420311873,0.02868322350145018,True,55,9.469700859854324e-07
2022,q7_2022-12-10,2022-12-10T23:59:59+00:00,6,True,context,full,v1,1495,1478,73679476f1e64b6640b6e448422008c9ae87610657c0552a7c3d8ca7910b9c3a,49743212ca21de2549dcf9059f615351c6f2df2ee6b3cb2e27fabaf419a4e300,131,3.808724471069416,0.019460797308947102,7.4566644006627225,7.763358778625954,0.7965602869493239,29.022900763358777,3.718152194795912,0.05037161246472642,0.003106015737998588,0.005865819905911003,0.022990687606741392,True,49,9.289356576319685e-07
2022,q7_2022-12-10,2022-12-10T23:59:59+00:00,6,True,context,full,y1,1495,1478,73679476f1e64b6640b6e448422008c9ae87610657c0552a7c3d8ca7910b9c3a,49743212ca21de2549dcf9059f615351c6f2df2ee6b3cb2e27fabaf419a4e300,131,3.808724471069416,0.019460797308947102,7.4566644006627225,7.763358778625954,0.7965602869493239,29.022900763358777,3.718152194795912,0.05037161246472642,0.003106015737998588,0.005865819905911003,0.022990687606741392,True,49,9.289356576319685e-07
2022,q7_2022-12-10,2022-12-10T23:59:59+00:00,6,True,context,full,y2,1495,1478,73679476f1e64b6640b6e448422008c9ae87610657c0552a7c3d8ca7910b9c3a,49743212ca21de2549dcf9059f615351c6f2df2ee6b3cb2e27fabaf419a4e300,131,3.909923137515968,0.024518552780664716,8.485389463075622,8.732824427480915,0.7564609583371654,28.3206106870229,3.6894207708511213,0.051828375392683805,0.003111256475250275,0.006769982431942212,0.027936618733531555,True,55,8.977711859342596e-07
2022,q7_2022-12-10,2022-12-10T23:59:59+00:00,6,True,context,full,naive_independent_diagnostic,1495,1478,73679476f1e64b6640b6e448422008c9ae87610657c0552a7c3d8ca7910b9c3a,49743212ca21de2549dcf9059f615351c6f2df2ee6b3cb2e27fabaf419a4e300,131,4.125428085373993,0.028416151122124412,9.14279122099503,9.404580152671755,0.657500229927343,23.15267175572519,3.5128250060034993,0.059923175591082636,0.0025750676466322815,0.006664928040409574,0.028424825854172244,True,66,9.785718424609735e-07
2022,q7_2022-12-10,2022-12-10T23:59:59+00:00,6,True,context,ypp_observed,v1,1478,1478,b19eca6c0cd82a6e3d965bcbfa66a996ecca8cc6344a3feffdabc0d30bb7d9e4,49743212ca21de2549dcf9059f615351c6f2df2ee6b3cb2e27fabaf419a4e300,131,3.8050748932488285,0.01926904173731701,7.407782884138465,7.709923664122138,0.798399705693001,29.0381679389313,3.718705412246452,0.05038364285241276,0.00312239841569408,0.005868211626168681,0.023098472660306242,True,51,9.176993528078881e-07
2022,q7_2022-12-10,2022-12-10T23:59:59+00:00,6,True,context,ypp_observed,y1,1478,1478,b19eca6c0cd82a6e3d965bcbfa66a996ecca8cc6344a3feffdabc0d30bb7d9e4,49743212ca21de2549dcf9059f615351c6f2df2ee6b3cb2e27fabaf419a4e300,131,3.8050748932488285,0.01926904173731701,7.407782884138465,7.709923664122138,0.798399705693001,29.0381679389313,3.718705412246452,0.05038364285241276,0.00312239841569408,0.005868211626168681,0.023098472660306242,True,51,9.176993528078881e-07
2022,q7_2022-12-10,2022-12-10T23:59:59+00:00,6,True,context,ypp_observed,y2,1478,1478,b19eca6c0cd82a6e3d965bcbfa66a996ecca8cc6344a3feffdabc0d30bb7d9e4,49743212ca21de2549dcf9059f615351c6f2df2ee6b3cb2e27fabaf419a4e300,131,3.90639507761224,0.024381004332940073,8.457770195057856,8.702290076335878,0.7571047548974524,28.3206106870229,3.690098749580225,0.05184817153540811,0.0031362699013033984,0.006826822291458949,0.028227830911333445,True,53,9.506711989015759e-07
2022,q7_2022-12-10,2022-12-10T23:59:59+00:00,6,True,history,full,v1,1495,1478,73679476f1e64b6640b6e448422008c9ae87610657c0552a7c3d8ca7910b9c3a,49743212ca21de2549dcf9059f615351c6f2df2ee6b3cb2e27fabaf419a4e300,131,3.8010388363437015,0.018913069261854272,7.473271174855445,7.7251908396946565,0.8005150372482296,29.480916030534353,3.7372565386319994,0.04885940890868697,0.0035546275282598732,0.005640258092915623,0.019999163229667282,True,46,9.735217770256988e-07
2022,q7_2022-12-10,2022-12-10T23:59:59+00:00,6,True,history,full,y1,1495,1478,73679476f1e64b6640b6e448422008c9ae87610657c0552a7c3d8ca7910b9c3a,49743212ca21de2549dcf9059f615351c6f2df2ee6b3cb2e27fabaf419a4e300,131,3.8010388363437015,0.018913069261854272,7.473271174855445,7.7251908396946565,0.8005150372482296,29.480916030534353,3.7372565386319994,0.04885940890868697,0.0035546275282598732,0.005640258092915623,0.019999163229667282,True,46,9.735217770256988e-07
2022,q7_2022-12-10,2022-12-10T23:59:59+00:00,6,True,history,full,y2,1495,1478,73679476f1e64b6640b6e448422008c9ae87610657c0552a7c3d8ca7910b9c3a,49743212ca21de2549dcf9059f615351c6f2df2ee6b3cb2e27fabaf419a4e300,131,3.8762561281651546,0.022886286708524144,8.257219570016675,8.633587786259541,0.7667617033017566,28.6793893129771,3.708801129463615,0.05034186437799081,0.003632624389119326,0.006607072984740815,0.024281387033230916,True,57,9.817053422955802e-07
2022,q7_2022-12-10,2022-12-10T23:59:59+00:00,6,True,history,full,naive_independent_diagnostic,1495,1478,73679476f1e64b6640b6e448422008c9ae87610657c0552a7c3d8ca7910b9c3a,49743212ca21de2549dcf9059f615351c6f2df2ee6b3cb2e27fabaf419a4e300,131,4.0921682596436675,0.027469199652724534,8.985945042377388,9.267175572519085,0.6658695852110733,23.35114503816794,3.526137363982323,0.058773577391988706,0.002918253023873491,0.006482440764951444,0.025232823725475678,True,69,9.34661020898786e-07
2022,q7_2022-12-10,2022-12-10T23:59:59+00:00,6,True,history,ypp_observed,v1,1478,1478,b19eca6c0cd82a6e3d965bcbfa66a996ecca8cc6344a3feffdabc0d30bb7d9e4,49743212ca21de2549dcf9059f615351c6f2df2ee6b3cb2e27fabaf419a4e300,131,3.7985312583308892,0.01879375915721256,7.441272216196214,7.717557251908397,0.8018946013059872,29.53435114503817,3.737894982687112,0.0488228908614358,0.003570312391473392,0.005648006927970295,0.020115507283486357,True,49,9.045048568606662e-07
2022,q7_2022-12-10,2022-12-10T23:59:59+00:00,6,True,history,ypp_observed,y1,1478,1478,b19eca6c0cd82a6e3d965bcbfa66a996ecca8cc6344a3feffdabc0d30bb7d9e4,49743212ca21de2549dcf9059f615351c6f2df2ee6b3cb2e27fabaf419a4e300,131,3.7985312583308892,0.01879375915721256,7.441272216196214,7.717557251908397,0.8018946013059872,29.53435114503817,3.737894982687112,0.0488228908614358,0.003570312391473392,0.005648006927970295,0.020115507283486357,True,49,9.045048568606662e-07
2022,q7_2022-12-10,2022-12-10T23:59:59+00:00,6,True,history,ypp_observed,y2,1478,1478,b19eca6c0cd82a6e3d965bcbfa66a996ecca8cc6344a3feffdabc0d30bb7d9e4,49743212ca21de2549dcf9059f615351c6f2df2ee6b3cb2e27fabaf419a4e300,131,3.8729614409692554,0.02276309992459535,8.236134562431493,8.610687022900763,0.7678653545479627,28.72519083969466,3.7096137254237482,0.05031144549308371,0.00366204085205512,0.006673578745746896,0.0245478971083511,True,56,9.17440307890427e-07
2023,q1_2023-08-26,2023-08-26T23:59:59+00:00,0,False,context,full,v1,8,8,473b10b3e7697e391cb9512efe858e721983a7e71c5d48490f13ffdd2a207807,c4df6c6bdb8b5752b8ebdd7f46d60afd00a024734abd9f61bfbff251bd9d870f,133,4.477871770003612,0.07302493075063918,19.333030519631755,19.60902255639098,0.8589717537085958,70.23308270676692,4.47146422065899,0.026179981572394,0.012798137506264507,0.027775536561075995,0.056295022247660954,True,12,6.931505560150986e-07
2023,q1_2023-08-26,2023-08-26T23:59:59+00:00,0,False,context,full,y1,8,8,473b10b3e7697e391cb9512efe858e721983a7e71c5d48490f13ffdd2a207807,c4df6c6bdb8b5752b8ebdd7f46d60afd00a024734abd9f61bfbff251bd9d870f,133,4.477871770003612,0.07302493075063918,19.333030519631755,19.60902255639098,0.8589717537085958,70.23308270676692,4.47146422065899,0.026179981572394,0.012798137506264507,0.027775536561075995,0.056295022247660954,True,12,6.931505560150986e-07
2023,q1_2023-08-26,2023-08-26T23:59:59+00:00,0,False,context,full,y2,8,8,473b10b3e7697e391cb9512efe858e721983a7e71c5d48490f13ffdd2a207807,c4df6c6bdb8b5752b8ebdd7f46d60afd00a024734abd9f61bfbff251bd9d870f,133,4.47706668783129,0.07296264226556048,19.33555580709807,19.593984962406015,0.8580573054257264,70.14285714285714,4.470070526670962,0.026227970298692657,0.012821608091679154,0.027804010465606155,0.05614830454872908,True,12,6.628002838793279e-07
2023,q1_2023-08-26,2023-08-26T23:59:59+00:00,0,False,history,full,v1,8,8,473b10b3e7697e391cb9512efe858e721983a7e71c5d48490f13ffdd2a207807,c4df6c6bdb8b5752b8ebdd7f46d60afd00a024734abd9f61bfbff251bd9d870f,133,4.492460046542658,0.07424111050814802,20.090800402216153,19.849624060150376,0.8651696809591547,75.97744360902256,4.556909074082049,0.022878862167797952,0.012204621535413986,0.029432579026072925,0.05848639748475961,True,12,7.175576284892959e-07
2023,q1_2023-08-26,2023-08-26T23:59:59+00:00,0,False,history,full,y1,8,8,473b10b3e7697e391cb9512efe858e721983a7e71c5d48490f13ffdd2a207807,c4df6c6bdb8b5752b8ebdd7f46d60afd00a024734abd9f61bfbff251bd9d870f,133,4.492460046542658,0.07424111050814802,20.090800402216153,19.849624060150376,0.8651696809591547,75.97744360902256,4.556909074082049,0.022878862167797952,0.012204621535413986,0.029432579026072925,0.05848639748475961,True,12,7.175576284892959e-07
2023,q1_2023-08-26,2023-08-26T23:59:59+00:00,0,False,history,full,y2,8,8,473b10b3e7697e391cb9512efe858e721983a7e71c5d48490f13ffdd2a207807,c4df6c6bdb8b5752b8ebdd7f46d60afd00a024734abd9f61bfbff251bd9d870f,133,4.491668388504095,0.07420342502556036,20.069400680323078,19.81954887218045,0.8647632595001016,75.90225563909775,4.555614086142597,0.022924608272634435,0.012236695916459322,0.029482280214150218,0.058389632849715184,True,12,6.86621868743742e-07
2023,q2_2023-09-16,2023-09-16T23:59:59+00:00,1,False,context,full,v1,351,347,60919b7f2b4310314b585bf87a757f9c09d8876652f8656e285e447a0e675f4f,c4df6c6bdb8b5752b8ebdd7f46d60afd00a024734abd9f61bfbff251bd9d870f,133,4.336519754770231,0.05860467809506928,15.463102687204861,16.172932330827066,0.792115423694371,50.06015037593985,4.18631396445701,0.03297234474411041,0.0125708645277199,0.02221310112126822,0.051666793032112385,True,20,5.528548467012562e-07
2023,q2_2023-09-16,2023-09-16T23:59:59+00:00,1,False,context,full,y1,351,347,60919b7f2b4310314b585bf87a757f9c09d8876652f8656e285e447a0e675f4f,c4df6c6bdb8b5752b8ebdd7f46d60afd00a024734abd9f61bfbff251bd9d870f,133,4.336519754770231,0.05860467809506928,15.463102687204861,16.172932330827066,0.792115423694371,50.06015037593985,4.18631396445701,0.03297234474411041,0.0125708645277199,0.02221310112126822,0.051666793032112385,True,20,5.528548467012562e-07
2023,q2_2023-09-16,2023-09-16T23:59:59+00:00,1,False,context,full,y2,351,347,60919b7f2b4310314b585bf87a757f9c09d8876652f8656e285e447a0e675f4f,c4df6c6bdb8b5752b8ebdd7f46d60afd00a024734abd9f61bfbff251bd9d870f,133,4.338702078555559,0.05867081922314052,15.221381277833613,15.984962406015038,0.7789067262751473,49.255639097744364,4.170924443832444,0.03353741249241941,0.012424260653008846,0.022420990523312277,0.050936124085546056,True,20,5.305835661523206e-07
2023,q2_2023-09-16,2023-09-16T23:59:59+00:00,1,False,history,full,v1,351,347,60919b7f2b4310314b585bf87a757f9c09d8876652f8656e285e447a0e675f4f,c4df6c6bdb8b5752b8ebdd7f46d60afd00a024734abd9f61bfbff251bd9d870f,133,4.302395824390112,0.05623306642295577,15.53622188458633,16.112781954887218,0.8137573663889455,52.45112781954887,4.237013253541979,0.030740218538666816,0.01141512615667882,0.022340425068158563,0.051484425840145585,True,20,5.838561071142001e-07
2023,q2_2023-09-16,2023-09-16T23:59:59+00:00,1,False,history,full,y1,351,347,60919b7f2b4310314b585bf87a757f9c09d8876652f8656e285e447a0e675f4f,c4df6c6bdb8b5752b8ebdd7f46d60afd00a024734abd9f61bfbff251bd9d870f,133,4.302395824390112,0.05623306642295577,15.53622188458633,16.112781954887218,0.8137573663889455,52.45112781954887,4.237013253541979,0.030740218538666816,0.01141512615667882,0.022340425068158563,0.051484425840145585,True,20,5.838561071142001e-07
2023,q2_2023-09-16,2023-09-16T23:59:59+00:00,1,False,history,full,y2,351,347,60919b7f2b4310314b585bf87a757f9c09d8876652f8656e285e447a0e675f4f,c4df6c6bdb8b5752b8ebdd7f46d60afd00a024734abd9f61bfbff251bd9d870f,133,4.2983993752132506,0.055787486817769065,15.41240181321742,15.969924812030076,0.8091851249745987,51.714285714285715,4.222773815330843,0.031240129161391756,0.011373540406198819,0.02281061983693708,0.05014554305841259,True,20,6.011834620886503e-07
2023,q3_2023-10-05,2023-10-05T23:59:59+00:00,2,False,context,full,v1,597,592,6b0659bdb70897e3d411a99eeb0cd4c4ac7db870c22e9efabf89cd7ae394ba9e,c4df6c6bdb8b5752b8ebdd7f46d60afd00a024734abd9f61bfbff251bd9d870f,133,4.300604537202877,0.05479992041540376,14.610941153420361,15.428571428571429,0.725462304409673,41.766917293233085,4.030926252851246,0.03707706435395763,0.009759046604191956,0.01694857667167559,0.050460295327373186,True,24,7.894632044480598e-07
2023,q3_2023-10-05,2023-10-05T23:59:59+00:00,2,False,context,full,y1,597,592,6b0659bdb70897e3d411a99eeb0cd4c4ac7db870c22e9efabf89cd7ae394ba9e,c4df6c6bdb8b5752b8ebdd7f46d60afd00a024734abd9f61bfbff251bd9d870f,133,4.300604537202877,0.05479992041540376,14.610941153420361,15.428571428571429,0.725462304409673,41.766917293233085,4.030926252851246,0.03707706435395763,0.009759046604191956,0.01694857667167559,0.050460295327373186,True,24,7.894632044480598e-07
2023,q3_2023-10-05,2023-10-05T23:59:59+00:00,2,False,context,full,y2,597,592,6b0659bdb70897e3d411a99eeb0cd4c4ac7db870c22e9efabf89cd7ae394ba9e,c4df6c6bdb8b5752b8ebdd7f46d60afd00a024734abd9f61bfbff251bd9d870f,133,4.302385655669354,0.05438552898706285,14.545714151278148,15.263157894736842,0.7248526722210933,40.92481203007519,4.010675702602531,0.03795563557080894,0.009885621447761499,0.017283430790838047,0.04860402688481635,True,25,7.903033201750453e-07
2023,q3_2023-10-05,2023-10-05T23:59:59+00:00,2,False,history,full,v1,597,592,6b0659bdb70897e3d411a99eeb0cd4c4ac7db870c22e9efabf89cd7ae394ba9e,c4df6c6bdb8b5752b8ebdd7f46d60afd00a024734abd9f61bfbff251bd9d870f,133,4.249793393257524,0.051199225313050815,14.352468024002857,14.93984962406015,0.7550294655557813,43.36842105263158,4.074330001433696,0.03522172898845709,0.00900256528182026,0.017538241606854375,0.05164794222672863,True,25,7.685421076208954e-07
2023,q3_2023-10-05,2023-10-05T23:59:59+00:00,2,False,history,full,y1,597,592,6b0659bdb70897e3d411a99eeb0cd4c4ac7db870c22e9efabf89cd7ae394ba9e,c4df6c6bdb8b5752b8ebdd7f46d60afd00a024734abd9f61bfbff251bd9d870f,133,4.249793393257524,0.051199225313050815,14.352468024002857,14.93984962406015,0.7550294655557813,43.36842105263158,4.074330001433696,0.03522172898845709,0.00900256528182026,0.017538241606854375,0.05164794222672863,True,25,7.685421076208954e-07
2023,q3_2023-10-05,2023-10-05T23:59:59+00:00,2,False,history,full,y2,597,592,6b0659bdb70897e3d411a99eeb0cd4c4ac7db870c22e9efabf89cd7ae394ba9e,c4df6c6bdb8b5752b8ebdd7f46d60afd00a024734abd9f61bfbff251bd9d870f,133,4.240178577678181,0.049958088334521644,14.060304205515939,14.699248120300751,0.753302174354806,42.6390977443609,4.055417553112202,0.03590983242142487,0.008999241509574568,0.017804521653054652,0.04948224539641616,True,26,8.577237873841348e-07
2023,q4_2023-10-21,2023-10-21T23:59:59+00:00,3,False,context,full,v1,903,894,f3a114d4b0eeeb85399341cee753b1666533625c00f212aea0ec2791cf43ca0e,c4df6c6bdb8b5752b8ebdd7f46d60afd00a024734abd9f61bfbff251bd9d870f,133,4.111291098220026,0.0396999635925964,11.71697177397598,12.421052631578947,0.7491363543995122,36.30075187969925,3.9009039762755156,0.04208322103116694,0.008941583976970714,0.014811256375272553,0.03255920664028368,True,39,9.306602343009396e-07
2023,q4_2023-10-21,2023-10-21T23:59:59+00:00,3,False,context,full,y1,903,894,f3a114d4b0eeeb85399341cee753b1666533625c00f212aea0ec2791cf43ca0e,c4df6c6bdb8b5752b8ebdd7f46d60afd00a024734abd9f61bfbff251bd9d870f,133,4.111291098220026,0.0396999635925964,11.71697177397598,12.421052631578947,0.7491363543995122,36.30075187969925,3.9009039762755156,0.04208322103116694,0.008941583976970714,0.014811256375272553,0.03255920664028368,True,39,9.306602343009396e-07
2023,q4_2023-10-21,2023-10-21T23:59:59+00:00,3,False,context,full,y2,903,894,f3a114d4b0eeeb85399341cee753b1666533625c00f212aea0ec2791cf43ca0e,c4df6c6bdb8b5752b8ebdd7f46d60afd00a024734abd9f61bfbff251bd9d870f,133,4.138048397039853,0.04109784326880519,11.957635219805836,12.699248120300751,0.7381629750050803,35.36842105263158,3.8732958181607384,0.0434240535805835,0.008264672545095723,0.01405674235609221,0.031776883915562285,True,33,9.847875149376906e-07
2023,q4_2023-10-21,2023-10-21T23:59:59+00:00,3,False,history,full,v1,903,894,f3a114d4b0eeeb85399341cee753b1666533625c00f212aea0ec2791cf43ca0e,c4df6c6bdb8b5752b8ebdd7f46d60afd00a024734abd9f61bfbff251bd9d870f,133,4.0489770140520145,0.03534517888719571,11.236227423770062,11.646616541353383,0.7865271286323919,37.54887218045113,3.9401615805283177,0.040246384566572174,0.00830107681081082,0.015794275782786867,0.030845773776801817,True,40,8.388920871293948e-07
2023,q4_2023-10-21,2023-10-21T23:59:59+00:00,3,False,history,full,y1,903,894,f3a114d4b0eeeb85399341cee753b1666533625c00f212aea0ec2791cf43ca0e,c4df6c6bdb8b5752b8ebdd7f46d60afd00a024734abd9f61bfbff251bd9d870f,133,4.0489770140520145,0.03534517888719571,11.236227423770062,11.646616541353383,0.7865271286323919,37.54887218045113,3.9401615805283177,0.040246384566572174,0.00830107681081082,0.015794275782786867,0.030845773776801817,True,40,8.388920871293948e-07
2023,q4_2023-10-21,2023-10-21T23:59:59+00:00,3,False,history,full,y2,903,894,f3a114d4b0eeeb85399341cee753b1666533625c00f212aea0ec2791cf43ca0e,c4df6c6bdb8b5752b8ebdd7f46d60afd00a024734abd9f61bfbff251bd9d870f,133,4.063437533178764,0.036235933505222556,11.13568242280285,11.654135338345865,0.769762243446454,36.54135338345865,3.9119317365868973,0.04151094018170174,0.007491215884560448,0.014972847277608609,0.029893646247696377,True,36,8.278281891371808e-07
2023,q5_2023-11-03,2023-11-03T23:59:59+00:00,4,False,context,full,v1,1037,1027,aaf1f6fe7befaab1d7b07a597f7dcc8da129d7d2a3111bdc4841ec64f92417c7,c4df6c6bdb8b5752b8ebdd7f46d60afd00a024734abd9f61bfbff251bd9d870f,133,4.047771765878831,0.034367989989266365,10.615249847612224,11.082706766917294,0.7644787644787645,34.4812030075188,3.8589135387492686,0.04311519841559357,0.008623340289959758,0.014609067145374154,0.025702840534120294,True,47,9.292552859904712e-07
2023,q5_2023-11-03,2023-11-03T23:59:59+00:00,4,False,context,full,y1,1037,1027,aaf1f6fe7befaab1d7b07a597f7dcc8da129d7d2a3111bdc4841ec64f92417c7,c4df6c6bdb8b5752b8ebdd7f46d60afd00a024734abd9f61bfbff251bd9d870f,133,4.047771765878831,0.034367989989266365,10.615249847612224,11.082706766917294,0.7644787644787645,34.4812030075188,3.8589135387492686,0.04311519841559357,0.008623340289959758,0.014609067145374154,0.025702840534120294,True,47,9.292552859904712e-07
2023,q5_2023-11-03,2023-11-03T23:59:59+00:00,4,False,context,full,y2,1037,1027,aaf1f6fe7befaab1d7b07a597f7dcc8da129d7d2a3111bdc4841ec64f92417c7,c4df6c6bdb8b5752b8ebdd7f46d60afd00a024734abd9f61bfbff251bd9d870f,133,4.075143494517017,0.0357209923079403,10.784082725836056,11.345864661654135,0.7536069904490958,33.72932330827068,3.8340610675473843,0.044339727217162714,0.007982036653714114,0.013421600221869718,0.025005348188235906,True,41,8.774811673939453e-07
2023,q5_2023-11-03,2023-11-03T23:59:59+00:00,4,False,history,full,v1,1037,1027,aaf1f6fe7befaab1d7b07a597f7dcc8da129d7d2a3111bdc4841ec64f92417c7,c4df6c6bdb8b5752b8ebdd7f46d60afd00a024734abd9f61bfbff251bd9d870f,133,3.9747671762383368,0.029775076086091656,9.857667450593611,10.180451127819548,0.7947571631782159,35.61654135338346,3.8975418309114205,0.04133572634370149,0.008021392840757055,0.015533410421677938,0.0251675479343565,True,47,9.480650636148336e-07
2023,q5_2023-11-03,2023-11-03T23:59:59+00:00,4,False,history,full,y1,1037,1027,aaf1f6fe7befaab1d7b07a597f7dcc8da129d7d2a3111bdc4841ec64f92417c7,c4df6c6bdb8b5752b8ebdd7f46d60afd00a024734abd9f61bfbff251bd9d870f,133,3.9747671762383368,0.029775076086091656,9.857667450593611,10.180451127819548,0.7947571631782159,35.61654135338346,3.8975418309114205,0.04133572634370149,0.008021392840757055,0.015533410421677938,0.0251675479343565,True,47,9.480650636148336e-07
2023,q5_2023-11-03,2023-11-03T23:59:59+00:00,4,False,history,full,y2,1037,1027,aaf1f6fe7befaab1d7b07a597f7dcc8da129d7d2a3111bdc4841ec64f92417c7,c4df6c6bdb8b5752b8ebdd7f46d60afd00a024734abd9f61bfbff251bd9d870f,133,3.9874618194691407,0.030563371265410377,9.77006835389311,10.165413533834586,0.7891688681162365,34.78195488721804,3.8723760170435355,0.042380763921423856,0.007182508254146901,0.014275278806207317,0.024236411732722736,True,43,8.685821477200095e-07
2023,q6_2023-11-17,2023-11-17T23:59:59+00:00,5,False,context,full,v1,1283,1270,c4ec8a77f10132128f83e954f60cf1dfd26d2fe57c288c4b234bb0d65bbefc8c,c4df6c6bdb8b5752b8ebdd7f46d60afd00a024734abd9f61bfbff251bd9d870f,133,4.025947787413224,0.03241977165987686,10.402224019492149,10.93984962406015,0.753708595813859,31.172932330827066,3.76409925863972,0.047215759851637014,0.007426788680369709,0.013745313090574215,0.02443233114983565,True,67,9.825669174540197e-07
2023,q6_2023-11-17,2023-11-17T23:59:59+00:00,5,False,context,full,y1,1283,1270,c4ec8a77f10132128f83e954f60cf1dfd26d2fe57c288c4b234bb0d65bbefc8c,c4df6c6bdb8b5752b8ebdd7f46d60afd00a024734abd9f61bfbff251bd9d870f,133,4.025947787413224,0.03241977165987686,10.402224019492149,10.93984962406015,0.753708595813859,31.172932330827066,3.76409925863972,0.047215759851637014,0.007426788680369709,0.013745313090574215,0.02443233114983565,True,67,9.825669174540197e-07
2023,q6_2023-11-17,2023-11-17T23:59:59+00:00,5,False,context,full,y2,1283,1270,c4ec8a77f10132128f83e954f60cf1dfd26d2fe57c288c4b234bb0d65bbefc8c,c4df6c6bdb8b5752b8ebdd7f46d60afd00a024734abd9f61bfbff251bd9d870f,133,4.0953805927703995,0.036137400481458755,10.879515767729282,11.556390977443609,0.7106279211542369,30.30075187969925,3.7341193168014826,0.048730499847314784,0.0069010628140152115,0.012636210057058325,0.023527445361067236,True,48,8.565543018895783e-07
2023,q6_2023-11-17,2023-11-17T23:59:59+00:00,5,False,history,full,v1,1283,1270,c4ec8a77f10132128f83e954f60cf1dfd26d2fe57c288c4b234bb0d65bbefc8c,c4df6c6bdb8b5752b8ebdd7f46d60afd00a024734abd9f61bfbff251bd9d870f,133,3.920329569167512,0.02579989740898606,9.003415624796325,9.37593984962406,0.7922170290591344,32.16541353383459,3.8016520629505077,0.04531329980276455,0.0073446381921690295,0.015042187823534668,0.02154307024465212,True,68,9.210555977912094e-07
2023,q6_2023-11-17,2023-11-17T23:59:59+00:00,5,False,history,full,y1,1283,1270,c4ec8a77f10132128f83e954f60cf1dfd26d2fe57c288c4b234bb0d65bbefc8c,c4df6c6bdb8b5752b8ebdd7f46d60afd00a024734abd9f61bfbff251bd9d870f,133,3.920329569167512,0.02579989740898606,9.003415624796325,9.37593984962406,0.7922170290591344,32.16541353383459,3.8016520629505077,0.04531329980276455,0.0073446381921690295,0.015042187823534668,0.02154307024465212,True,68,9.210555977912094e-07
2023,q6_2023-11-17,2023-11-17T23:59:59+00:00,5,False,history,full,y2,1283,1270,c4ec8a77f10132128f83e954f60cf1dfd26d2fe57c288c4b234bb0d65bbefc8c,c4df6c6bdb8b5752b8ebdd7f46d60afd00a024734abd9f61bfbff251bd9d870f,133,3.9688605195475875,0.029027892071263276,9.499156266792278,9.977443609022556,0.7672221093273726,31.23308270676692,3.7717624015554634,0.04660599864121561,0.0066075194981204495,0.013926529212422809,0.02092295798408749,True,50,8.982411450336736e-07
2023,q7_2023-12-09,2023-12-09T23:59:59+00:00,6,True,context,full,v1,1498,1482,42cf2c9fd8842d08c9c5a96f70b02174a60788fd061348ecf37d4cd38bd0b2b0,c4df6c6bdb8b5752b8ebdd7f46d60afd00a024734abd9f61bfbff251bd9d870f,133,3.9666752746079594,0.02898931232468462,9.615278694366136,10.24812030075188,0.7404998983946353,28.593984962406015,3.6849777106517787,0.050592236934141104,0.007572589157003973,0.012494033548647546,0.018504360097399485,True,64,9.722480675961043e-07
2023,q7_2023-12-09,2023-12-09T23:59:59+00:00,6,True,context,full,y1,1498,1482,42cf2c9fd8842d08c9c5a96f70b02174a60788fd061348ecf37d4cd38bd0b2b0,c4df6c6bdb8b5752b8ebdd7f46d60afd00a024734abd9f61bfbff251bd9d870f,133,3.9666752746079594,0.02898931232468462,9.615278694366136,10.24812030075188,0.7404998983946353,28.593984962406015,3.6849777106517787,0.050592236934141104,0.007572589157003973,0.012494033548647546,0.018504360097399485,True,64,9.722480675961043e-07
2023,q7_2023-12-09,2023-12-09T23:59:59+00:00,6,True,context,full,y2,1498,1482,42cf2c9fd8842d08c9c5a96f70b02174a60788fd061348ecf37d4cd38bd0b2b0,c4df6c6bdb8b5752b8ebdd7f46d60afd00a024734abd9f61bfbff251bd9d870f,133,4.062277313880247,0.03327712226679171,10.200800029401744,10.819548872180452,0.7092054460475514,27.75187969924812,3.6545179881798657,0.05229544894416101,0.007224785242109477,0.011683560418519914,0.017625431051549748,True,54,9.099104466836483e-07
2023,q7_2023-12-09,2023-12-09T23:59:59+00:00,6,True,context,full,naive_independent_diagnostic,1498,1482,42cf2c9fd8842d08c9c5a96f70b02174a60788fd061348ecf37d4cd38bd0b2b0,c4df6c6bdb8b5752b8ebdd7f46d60afd00a024734abd9f61bfbff251bd9d870f,133,4.330932430267947,0.03628655333212214,10.210728082311672,10.601503759398497,0.6267018898597846,22.887218045112782,3.491456291046258,0.05951645839059558,0.008341355269465535,0.012937753107930373,0.017855043523825127,True,68,9.550706412120302e-07
2023,q7_2023-12-09,2023-12-09T23:59:59+00:00,6,True,context,ypp_observed,v1,1482,1482,a4af4aa1048f5da7a81a2e47b97c4bc83087343fc25f69a8aefc36c78961bbc7,c4df6c6bdb8b5752b8ebdd7f46d60afd00a024734abd9f61bfbff251bd9d870f,133,3.969001558189899,0.0290788747595102,9.63315475366439,10.278195488721805,0.7391790286527128,28.50375939849624,3.6841157077822073,0.05068454671603843,0.007584150220076004,0.012519041475680304,0.018506659267808093,True,65,9.074032132072585e-07
2023,q7_2023-12-09,2023-12-09T23:59:59+00:00,6,True,context,ypp_observed,y1,1482,1482,a4af4aa1048f5da7a81a2e47b97c4bc83087343fc25f69a8aefc36c78961bbc7,c4df6c6bdb8b5752b8ebdd7f46d60afd00a024734abd9f61bfbff251bd9d870f,133,3.969001558189899,0.0290788747595102,9.63315475366439,10.278195488721805,0.7391790286527128,28.50375939849624,3.6841157077822073,0.05068454671603843,0.007584150220076004,0.012519041475680304,0.018506659267808093,True,65,9.074032132072585e-07
2023,q7_2023-12-09,2023-12-09T23:59:59+00:00,6,True,context,ypp_observed,y2,1482,1482,a4af4aa1048f5da7a81a2e47b97c4bc83087343fc25f69a8aefc36c78961bbc7,c4df6c6bdb8b5752b8ebdd7f46d60afd00a024734abd9f61bfbff251bd9d870f,133,4.062242606355882,0.033240455464012525,10.199950313796519,10.827067669172932,0.7093070514123146,27.721804511278197,3.654159642379776,0.052347093753378884,0.007240783804600632,0.011723034457156122,0.0176294060555734,True,53,9.65661777839466e-07
2023,q7_2023-12-09,2023-12-09T23:59:59+00:00,6,True,history,full,v1,1498,1482,42cf2c9fd8842d08c9c5a96f70b02174a60788fd061348ecf37d4cd38bd0b2b0,c4df6c6bdb8b5752b8ebdd7f46d60afd00a024734abd9f61bfbff251bd9d870f,133,3.835745524002297,0.02153838957614467,8.058586663152708,8.481203007518797,0.7943507417191629,29.330827067669173,3.720874140018494,0.04870592343361252,0.007433739372366696,0.013417627749325357,0.016305368955274527,True,65,9.840518122583575e-07
2023,q7_2023-12-09,2023-12-09T23:59:59+00:00,6,True,history,full,y1,1498,1482,42cf2c9fd8842d08c9c5a96f70b02174a60788fd061348ecf37d4cd38bd0b2b0,c4df6c6bdb8b5752b8ebdd7f46d60afd00a024734abd9f61bfbff251bd9d870f,133,3.835745524002297,0.02153838957614467,8.058586663152708,8.481203007518797,0.7943507417191629,29.330827067669173,3.720874140018494,0.04870592343361252,0.007433739372366696,0.013417627749325357,0.016305368955274527,True,65,9.840518122583575e-07
2023,q7_2023-12-09,2023-12-09T23:59:59+00:00,6,True,history,full,y2,1498,1482,42cf2c9fd8842d08c9c5a96f70b02174a60788fd061348ecf37d4cd38bd0b2b0,c4df6c6bdb8b5752b8ebdd7f46d60afd00a024734abd9f61bfbff251bd9d870f,133,3.905257461623112,0.025363509976498933,8.64073039043293,9.1203007518797,0.7675269254216623,28.639097744360903,3.690113069020719,0.05013561510088005,0.006844006929171927,0.012484681585696647,0.01577323371119137,True,57,9.524938602428756e-07
2023,q7_2023-12-09,2023-12-09T23:59:59+00:00,6,True,history,full,naive_independent_diagnostic,1498,1482,42cf2c9fd8842d08c9c5a96f70b02174a60788fd061348ecf37d4cd38bd0b2b0,c4df6c6bdb8b5752b8ebdd7f46d60afd00a024734abd9f61bfbff251bd9d870f,133,4.160096147129261,0.03066190700827319,9.339128090058379,9.759398496240602,0.6623653728916887,23.218045112781954,3.5143647866854044,0.05778762347700606,0.007956959073785392,0.013659387064205891,0.016727666071645556,True,73,9.175901944380449e-07
2023,q7_2023-12-09,2023-12-09T23:59:59+00:00,6,True,history,ypp_observed,v1,1482,1482,a4af4aa1048f5da7a81a2e47b97c4bc83087343fc25f69a8aefc36c78961bbc7,c4df6c6bdb8b5752b8ebdd7f46d60afd00a024734abd9f61bfbff251bd9d870f,133,3.8371791035930345,0.02159327328516656,8.07277082376384,8.496240601503759,0.7955700060963221,29.36842105263158,3.7200700881635984,0.048779730938988526,0.007449107455646023,0.013448051439315595,0.016361323730249813,True,66,9.034156670389981e-07
2023,q7_2023-12-09,2023-12-09T23:59:59+00:00,6,True,history,ypp_observed,y1,1482,1482,a4af4aa1048f5da7a81a2e47b97c4bc83087343fc25f69a8aefc36c78961bbc7,c4df6c6bdb8b5752b8ebdd7f46d60afd00a024734abd9f61bfbff251bd9d870f,133,3.8371791035930345,0.02159327328516656,8.07277082376384,8.496240601503759,0.7955700060963221,29.36842105263158,3.7200700881635984,0.048779730938988526,0.007449107455646023,0.013448051439315595,0.016361323730249813,True,66,9.034156670389981e-07
2023,q7_2023-12-09,2023-12-09T23:59:59+00:00,6,True,history,ypp_observed,y2,1482,1482,a4af4aa1048f5da7a81a2e47b97c4bc83087343fc25f69a8aefc36c78961bbc7,c4df6c6bdb8b5752b8ebdd7f46d60afd00a024734abd9f61bfbff251bd9d870f,133,3.9052368466491556,0.02532446490247084,8.636780810936134,9.097744360902256,0.7668156878683197,28.593984962406015,3.6897519306758366,0.05018925899129574,0.00686670080140674,0.01253404730833714,0.015825444337443335,True,57,9.096749894396683e-07
2024,q1_2024-08-24,2024-08-24T23:59:59+00:00,0,False,context,full,v1,5,5,b28db5437487d9ae4aa1ea277efb346e166bac6e2506ae497bd5fb793914cda4,41dd55d63b669671241a885461d657ea0b84317dfb0465a176b2444a9f8b8707,134,4.5868565657519484,0.08426267528543432,21.069724450287545,21.73134328358209,0.8005970149253732,69.7089552238806,4.450984682048517,0.02819308449005274,0.023097687005434176,0.03087193645077218,0.06930745931312095,True,11,8.935220116197684e-07
2024,q1_2024-08-24,2024-08-24T23:59:59+00:00,0,False,context,full,y1,5,5,b28db5437487d9ae4aa1ea277efb346e166bac6e2506ae497bd5fb793914cda4,41dd55d63b669671241a885461d657ea0b84317dfb0465a176b2444a9f8b8707,134,4.5868565657519484,0.08426267528543432,21.069724450287545,21.73134328358209,0.8005970149253732,69.7089552238806,4.450984682048517,0.02819308449005274,0.023097687005434176,0.03087193645077218,0.06930745931312095,True,11,8.935220116197684e-07
2024,q1_2024-08-24,2024-08-24T23:59:59+00:00,0,False,context,full,y2,5,5,b28db5437487d9ae4aa1ea277efb346e166bac6e2506ae497bd5fb793914cda4,41dd55d63b669671241a885461d657ea0b84317dfb0465a176b2444a9f8b8707,134,4.585461856910508,0.08415964755327182,21.07079848027958,21.73134328358209,0.8005970149253732,69.70149253731343,4.450952745515882,0.028187380548964726,0.023095496399110575,0.030859817391917822,0.06928434053125508,True,12,4.623635965692041e-07
2024,q1_2024-08-24,2024-08-24T23:59:59+00:00,0,False,history,full,v1,5,5,b28db5437487d9ae4aa1ea277efb346e166bac6e2506ae497bd5fb793914cda4,41dd55d63b669671241a885461d657ea0b84317dfb0465a176b2444a9f8b8707,134,4.584879784708194,0.08666990687299508,22.491604258279807,22.686567164179106,0.8030966787683206,76.6268656716418,4.56266552655964,0.02304759993940878,0.023352283189058458,0.033012052121618354,0.07520947157278383,True,11,8.935220116197684e-07
2024,q1_2024-08-24,2024-08-24T23:59:59+00:00,0,False,history,full,y1,5,5,b28db5437487d9ae4aa1ea277efb346e166bac6e2506ae497bd5fb793914cda4,41dd55d63b669671241a885461d657ea0b84317dfb0465a176b2444a9f8b8707,134,4.584879784708194,0.08666990687299508,22.491604258279807,22.686567164179106,0.8030966787683206,76.6268656716418,4.56266552655964,0.02304759993940878,0.023352283189058458,0.033012052121618354,0.07520947157278383,True,11,8.935220116197684e-07
2024,q1_2024-08-24,2024-08-24T23:59:59+00:00,0,False,history,full,y2,5,5,b28db5437487d9ae4aa1ea277efb346e166bac6e2506ae497bd5fb793914cda4,41dd55d63b669671241a885461d657ea0b84317dfb0465a176b2444a9f8b8707,134,4.5832179392795265,0.08653588665469256,22.500301956890077,22.69402985074627,0.8030966787683206,76.61940298507463,4.562526050295219,0.023047584370104957,0.023346203697462455,0.0329778041994202,0.07511403007469919,True,12,4.623635965692041e-07
2024,q2_2024-09-19,2024-09-19T23:59:59+00:00,1,False,context,full,v1,350,349,caf197bfff4987b1253a8adbab760e427569a2238d1f49e80995fc4c6dd98d58,41dd55d63b669671241a885461d657ea0b84317dfb0465a176b2444a9f8b8707,134,4.410565278195674,0.06314394537471599,16.617032999496715,17.26865671641791,0.7559203980099503,50.701492537313435,4.177855230910127,0.03544882379535987,0.02175299870382862,0.023833969773777962,0.05715689464186198,True,20,7.44503565720811e-07
2024,q2_2024-09-19,2024-09-19T23:59:59+00:00,1,False,context,full,y1,350,349,caf197bfff4987b1253a8adbab760e427569a2238d1f49e80995fc4c6dd98d58,41dd55d63b669671241a885461d657ea0b84317dfb0465a176b2444a9f8b8707,134,4.410565278195674,0.06314394537471599,16.617032999496715,17.26865671641791,0.7559203980099503,50.701492537313435,4.177855230910127,0.03544882379535987,0.02175299870382862,0.023833969773777962,0.05715689464186198,True,20,7.44503565720811e-07
2024,q2_2024-09-19,2024-09-19T23:59:59+00:00,1,False,context,full,y2,350,349,caf197bfff4987b1253a8adbab760e427569a2238d1f49e80995fc4c6dd98d58,41dd55d63b669671241a885461d657ea0b84317dfb0465a176b2444a9f8b8707,134,4.381376778256462,0.060926893127882464,16.529280211585593,17.246268656716417,0.7579104477611941,49.992537313432834,4.16436168922649,0.03600099757327499,0.02132072357122989,0.0226049484883281,0.054394373834821694,True,20,6.156528865458588e-07
2024,q2_2024-09-19,2024-09-19T23:59:59+00:00,1,False,history,full,v1,350,349,caf197bfff4987b1253a8adbab760e427569a2238d1f49e80995fc4c6dd98d58,41dd55d63b669671241a885461d657ea0b84317dfb0465a176b2444a9f8b8707,134,4.375058864315474,0.061554317661443855,16.757882801517038,17.044776119402986,0.7646766169154229,53.37313432835821,4.243847314136688,0.03219240331682288,0.020654943237207655,0.024567355609379844,0.05992177962979039,True,20,8.259801516086185e-07
2024,q2_2024-09-19,2024-09-19T23:59:59+00:00,1,False,history,full,y1,350,349,caf197bfff4987b1253a8adbab760e427569a2238d1f49e80995fc4c6dd98d58,41dd55d63b669671241a885461d657ea0b84317dfb0465a176b2444a9f8b8707,134,4.375058864315474,0.061554317661443855,16.757882801517038,17.044776119402986,0.7646766169154229,53.37313432835821,4.243847314136688,0.03219240331682288,0.020654943237207655,0.024567355609379844,0.05992177962979039,True,20,8.259801516086185e-07
2024,q2_2024-09-19,2024-09-19T23:59:59+00:00,1,False,history,full,y2,350,349,caf197bfff4987b1253a8adbab760e427569a2238d1f49e80995fc4c6dd98d58,41dd55d63b669671241a885461d657ea0b84317dfb0465a176b2444a9f8b8707,134,4.347335837314326,0.05934226668141399,16.353458514401282,16.723880597014926,0.7683582089552239,52.52985074626866,4.227474746113759,0.03284851248123888,0.020371388462679163,0.023648185429562027,0.05809095887905821,True,20,5.976568183754805e-07
2024,q3_2024-10-06,2024-10-06T23:59:59+00:00,2,False,context,full,v1,671,667,0bc9850524685c42bbdb9ac30baa441ae4855030baf7bcf167c57af5f3424685,41dd55d63b669671241a885461d657ea0b84317dfb0465a176b2444a9f8b8707,134,4.230100984502447,0.04589382051134466,13.477047241569126,13.738805970149254,0.7680597014925373,40.71641791044776,3.994575557420634,0.04036505658325024,0.018892777341190485,0.01754785854498181,0.03590957538297206,True,25,8.462824446359152e-07
2024,q3_2024-10-06,2024-10-06T23:59:59+00:00,2,False,context,full,y1,671,667,0bc9850524685c42bbdb9ac30baa441ae4855030baf7bcf167c57af5f3424685,41dd55d63b669671241a885461d657ea0b84317dfb0465a176b2444a9f8b8707,134,4.230100984502447,0.04589382051134466,13.477047241569126,13.738805970149254,0.7680597014925373,40.71641791044776,3.994575557420634,0.04036505658325024,0.018892777341190485,0.01754785854498181,0.03590957538297206,True,25,8.462824446359152e-07
2024,q3_2024-10-06,2024-10-06T23:59:59+00:00,2,False,context,full,y2,671,667,0bc9850524685c42bbdb9ac30baa441ae4855030baf7bcf167c57af5f3424685,41dd55d63b669671241a885461d657ea0b84317dfb0465a176b2444a9f8b8707,134,4.221852724826997,0.04540872138801959,13.393490431843267,13.776119402985074,0.7596019900497512,40.07462686567164,3.976344154226173,0.041305236310230524,0.01841146613152892,0.01671966563841279,0.03588220610263325,True,21,8.806635955899145e-07
2024,q3_2024-10-06,2024-10-06T23:59:59+00:00,2,False,history,full,v1,671,667,0bc9850524685c42bbdb9ac30baa441ae4855030baf7bcf167c57af5f3424685,41dd55d63b669671241a885461d657ea0b84317dfb0465a176b2444a9f8b8707,134,4.192621390838191,0.04559474239940299,13.617267996857755,13.888059701492537,0.7633830845771145,42.23880597014925,4.044955946524626,0.03763902026552666,0.017851277498960528,0.016745292904236448,0.038304650969406925,True,25,7.810237807048814e-07
2024,q3_2024-10-06,2024-10-06T23:59:59+00:00,2,False,history,full,y1,671,667,0bc9850524685c42bbdb9ac30baa441ae4855030baf7bcf167c57af5f3424685,41dd55d63b669671241a885461d657ea0b84317dfb0465a176b2444a9f8b8707,134,4.192621390838191,0.04559474239940299,13.617267996857755,13.888059701492537,0.7633830845771145,42.23880597014925,4.044955946524626,0.03763902026552666,0.017851277498960528,0.016745292904236448,0.038304650969406925,True,25,7.810237807048814e-07
2024,q3_2024-10-06,2024-10-06T23:59:59+00:00,2,False,history,full,y2,671,667,0bc9850524685c42bbdb9ac30baa441ae4855030baf7bcf167c57af5f3424685,41dd55d63b669671241a885461d657ea0b84317dfb0465a176b2444a9f8b8707,134,4.184622249437637,0.04497516254370493,13.316346541582705,13.58955223880597,0.7703482587064676,41.53731343283582,4.025601092468878,0.038549120142942046,0.017423575231592364,0.015987843244302365,0.03885615722380911,True,23,9.209949157901187e-07
2024,q4_2024-10-23,2024-10-23T23:59:59+00:00,3,False,context,full,v1,893,888,14b307e2375c15acae109cc8fa65ba8ca150f76f16030f2f6cecfc25f880976e,41dd55d63b669671241a885461d657ea0b84317dfb0465a176b2444a9f8b8707,134,4.15539351574345,0.03846321736470387,12.009706407070588,12.216417910447761,0.7770149253731343,36.28358208955224,3.891743444719486,0.043393006641155724,0.016581632124345266,0.01427704919724587,0.023610090738145136,True,32,8.105670212393834e-07
2024,q4_2024-10-23,2024-10-23T23:59:59+00:00,3,False,context,full,y1,893,888,14b307e2375c15acae109cc8fa65ba8ca150f76f16030f2f6cecfc25f880976e,41dd55d63b669671241a885461d657ea0b84317dfb0465a176b2444a9f8b8707,134,4.15539351574345,0.03846321736470387,12.009706407070588,12.216417910447761,0.7770149253731343,36.28358208955224,3.891743444719486,0.043393006641155724,0.016581632124345266,0.01427704919724587,0.023610090738145136,True,32,8.105670212393834e-07
2024,q4_2024-10-23,2024-10-23T23:59:59+00:00,3,False,context,full,y2,893,888,14b307e2375c15acae109cc8fa65ba8ca150f76f16030f2f6cecfc25f880976e,41dd55d63b669671241a885461d657ea0b84317dfb0465a176b2444a9f8b8707,134,4.158348514273042,0.038840706553537364,11.954160299650239,12.238805970149254,0.7665671641791045,35.57462686567164,3.870147279891208,0.0445505881047816,0.016350217598018794,0.013711369976772404,0.024045744750419585,True,28,8.036528959670663e-07
2024,q4_2024-10-23,2024-10-23T23:59:59+00:00,3,False,history,full,v1,893,888,14b307e2375c15acae109cc8fa65ba8ca150f76f16030f2f6cecfc25f880976e,41dd55d63b669671241a885461d657ea0b84317dfb0465a176b2444a9f8b8707,134,4.098089317139908,0.036836367153268885,11.695067712312113,11.738805970149254,0.785273631840796,37.492537313432834,3.9392727389775435,0.04073890963098858,0.015590289316879833,0.01427306071808418,0.0244055118890543,True,32,9.561716505998574e-07
2024,q4_2024-10-23,2024-10-23T23:59:59+00:00,3,False,history,full,y1,893,888,14b307e2375c15acae109cc8fa65ba8ca150f76f16030f2f6cecfc25f880976e,41dd55d63b669671241a885461d657ea0b84317dfb0465a176b2444a9f8b8707,134,4.098089317139908,0.036836367153268885,11.695067712312113,11.738805970149254,0.785273631840796,37.492537313432834,3.9392727389775435,0.04073890963098858,0.015590289316879833,0.01427306071808418,0.0244055118890543,True,32,9.561716505998574e-07
2024,q4_2024-10-23,2024-10-23T23:59:59+00:00,3,False,history,full,y2,893,888,14b307e2375c15acae109cc8fa65ba8ca150f76f16030f2f6cecfc25f880976e,41dd55d63b669671241a885461d657ea0b84317dfb0465a176b2444a9f8b8707,134,4.0883267861274,0.03639667632736573,11.57725383939459,11.626865671641792,0.7795024875621891,36.776119402985074,3.918439377256554,0.041773912370054116,0.01542487101845835,0.013715428810699858,0.024567932236730834,True,32,8.494260368835382e-07
2024,q5_2024-11-07,2024-11-07T23:59:59+00:00,4,False,context,full,v1,1115,1110,4ea7698d1e38535f38607f75fe94733a4d8f63af0c9b4bf6d9022b77b9875405,41dd55d63b669671241a885461d657ea0b84317dfb0465a176b2444a9f8b8707,134,4.116804623446043,0.034847026802063245,10.656282958479714,10.776119402985074,0.7521393034825873,33.19402985074627,3.813217467585974,0.04649267534193167,0.016668084255926384,0.01190402244952464,0.02302474050648456,True,41,8.675519176382096e-07
2024,q5_2024-11-07,2024-11-07T23:59:59+00:00,4,False,context,full,y1,1115,1110,4ea7698d1e38535f38607f75fe94733a4d8f63af0c9b4bf6d9022b77b9875405,41dd55d63b669671241a885461d657ea0b84317dfb0465a176b2444a9f8b8707,134,4.116804623446043,0.034847026802063245,10.656282958479714,10.776119402985074,0.7521393034825873,33.19402985074627,3.813217467585974,0.04649267534193167,0.016668084255926384,0.01190402244952464,0.02302474050648456,True,41,8.675519176382096e-07
2024,q5_2024-11-07,2024-11-07T23:59:59+00:00,4,False,context,full,y2,1115,1110,4ea7698d1e38535f38607f75fe94733a4d8f63af0c9b4bf6d9022b77b9875405,41dd55d63b669671241a885461d657ea0b84317dfb0465a176b2444a9f8b8707,134,4.150286351723064,0.03624556838204901,11.03061814769844,11.186567164179104,0.7412935323383084,32.56716417910448,3.788381789745244,0.048137397640634516,0.016731764556561612,0.01145266897086601,0.023150326720300048,True,36,9.29874113334006e-07
2024,q5_2024-11-07,2024-11-07T23:59:59+00:00,4,False,history,full,v1,1115,1110,4ea7698d1e38535f38607f75fe94733a4d8f63af0c9b4bf6d9022b77b9875405,41dd55d63b669671241a885461d657ea0b84317dfb0465a176b2444a9f8b8707,134,4.042198410955257,0.03222443911817695,10.598498013504255,10.514925373134329,0.774228855721393,34.365671641791046,3.859000309279125,0.043828032763621065,0.015378148092089613,0.012220235078703479,0.025430024140376626,True,40,9.268157266581478e-07
2024,q5_2024-11-07,2024-11-07T23:59:59+00:00,4,False,history,full,y1,1115,1110,4ea7698d1e38535f38607f75fe94733a4d8f63af0c9b4bf6d9022b77b9875405,41dd55d63b669671241a885461d657ea0b84317dfb0465a176b2444a9f8b8707,134,4.042198410955257,0.03222443911817695,10.598498013504255,10.514925373134329,0.774228855721393,34.365671641791046,3.859000309279125,0.043828032763621065,0.015378148092089613,0.012220235078703479,0.025430024140376626,True,40,9.268157266581478e-07
2024,q5_2024-11-07,2024-11-07T23:59:59+00:00,4,False,history,full,y2,1115,1110,4ea7698d1e38535f38607f75fe94733a4d8f63af0c9b4bf6d9022b77b9875405,41dd55d63b669671241a885461d657ea0b84317dfb0465a176b2444a9f8b8707,134,4.059045085209007,0.03281904786217485,10.608956751585632,10.619402985074627,0.7695522388059702,33.67164179104478,3.835037520455921,0.04532693462948643,0.01550370522406084,0.011679480856430861,0.025277088142033322,True,39,8.523897823270454e-07
2024,q6_2024-11-22,2024-11-22T23:59:59+00:00,5,False,context,full,v1,1343,1337,e38dc734d12fa4f480f4f83e54082de1b81ea9d4ed73ec4e64671cf117f8fa7e,41dd55d63b669671241a885461d657ea0b84317dfb0465a176b2444a9f8b8707,134,4.031138256158709,0.029397743610898433,9.729010280745841,9.902985074626866,0.7627860696517413,31.03731343283582,3.7550520834240393,0.04888587780694987,0.01651450072787815,0.01093893594698916,0.024436650175437787,True,52,8.889995170430209e-07
2024,q6_2024-11-22,2024-11-22T23:59:59+00:00,5,False,context,full,y1,1343,1337,e38dc734d12fa4f480f4f83e54082de1b81ea9d4ed73ec4e64671cf117f8fa7e,41dd55d63b669671241a885461d657ea0b84317dfb0465a176b2444a9f8b8707,134,4.031138256158709,0.029397743610898433,9.729010280745841,9.902985074626866,0.7627860696517413,31.03731343283582,3.7550520834240393,0.04888587780694987,0.01651450072787815,0.01093893594698916,0.024436650175437787,True,52,8.889995170430209e-07
2024,q6_2024-11-22,2024-11-22T23:59:59+00:00,5,False,context,full,y2,1343,1337,e38dc734d12fa4f480f4f83e54082de1b81ea9d4ed73ec4e64671cf117f8fa7e,41dd55d63b669671241a885461d657ea0b84317dfb0465a176b2444a9f8b8707,134,4.096024316305915,0.03213861010147568,10.149249806354893,10.23134328358209,0.7385074626865672,30.432835820895523,3.7309273284551807,0.05056640090396829,0.01636520722875146,0.01055932289694414,0.025278540537507405,True,46,9.751493089404928e-07
2024,q6_2024-11-22,2024-11-22T23:59:59+00:00,5,False,history,full,v1,1343,1337,e38dc734d12fa4f480f4f83e54082de1b81ea9d4ed73ec4e64671cf117f8fa7e,41dd55d63b669671241a885461d657ea0b84317dfb0465a176b2444a9f8b8707,134,3.9412131662432777,0.025473701108166973,9.149312431158847,9.126865671641792,0.788955223880597,32.082089552238806,3.7998001809006046,0.04603305745529706,0.015013387941563181,0.01005591383819181,0.024068114168190897,True,51,9.785628393987889e-07
2024,q6_2024-11-22,2024-11-22T23:59:59+00:00,5,False,history,full,y1,1343,1337,e38dc734d12fa4f480f4f83e54082de1b81ea9d4ed73ec4e64671cf117f8fa7e,41dd55d63b669671241a885461d657ea0b84317dfb0465a176b2444a9f8b8707,134,3.9412131662432777,0.025473701108166973,9.149312431158847,9.126865671641792,0.788955223880597,32.082089552238806,3.7998001809006046,0.04603305745529706,0.015013387941563181,0.01005591383819181,0.024068114168190897,True,51,9.785628393987889e-07
2024,q6_2024-11-22,2024-11-22T23:59:59+00:00,5,False,history,full,y2,1343,1337,e38dc734d12fa4f480f4f83e54082de1b81ea9d4ed73ec4e64671cf117f8fa7e,41dd55d63b669671241a885461d657ea0b84317dfb0465a176b2444a9f8b8707,134,3.9872016525607297,0.02771751254496884,9.694472951495642,9.708955223880597,0.7771144278606965,31.44776119402985,3.7762936189209966,0.047519748607319306,0.014955152390227116,0.009675859240394383,0.024942314339437974,True,50,9.156396161419389e-07
2024,q7_2024-12-14,2024-12-14T23:59:59+00:00,6,True,context,full,v1,1562,1556,d0620109139a61f08da575ba16b4c26a3e87cffd75d7b37c78689e41a987adb3,41dd55d63b669671241a885461d657ea0b84317dfb0465a176b2444a9f8b8707,134,3.8795247560141255,0.020864154422811004,7.818275492086364,7.880597014925373,0.7917412935323384,28.66417910447761,3.6893826022670018,0.050964848920808326,0.011810742738381067,0.010226712900437352,0.017608662200064882,True,57,9.715733152726447e-07
2024,q7_2024-12-14,2024-12-14T23:59:59+00:00,6,True,context,full,y1,1562,1556,d0620109139a61f08da575ba16b4c26a3e87cffd75d7b37c78689e41a987adb3,41dd55d63b669671241a885461d657ea0b84317dfb0465a176b2444a9f8b8707,134,3.8795247560141255,0.020864154422811004,7.818275492086364,7.880597014925373,0.7917412935323384,28.66417910447761,3.6893826022670018,0.050964848920808326,0.011810742738381067,0.010226712900437352,0.017608662200064882,True,57,9.715733152726447e-07
2024,q7_2024-12-14,2024-12-14T23:59:59+00:00,6,True,context,full,y2,1562,1556,d0620109139a61f08da575ba16b4c26a3e87cffd75d7b37c78689e41a987adb3,41dd55d63b669671241a885461d657ea0b84317dfb0465a176b2444a9f8b8707,134,3.945829683159302,0.023649915562670747,8.40031566176856,8.574626865671641,0.7739303482587063,28.30597014925373,3.6685583830760793,0.052406777932962306,0.011095805990535043,0.009579946865426724,0.019095115047517923,True,49,9.61698316648274e-07
2024,q7_2024-12-14,2024-12-14T23:59:59+00:00,6,True,context,full,naive_independent_diagnostic,1562,1556,d0620109139a61f08da575ba16b4c26a3e87cffd75d7b37c78689e41a987adb3,41dd55d63b669671241a885461d657ea0b84317dfb0465a176b2444a9f8b8707,134,4.173292778915695,0.026547638825116338,8.82209871634735,8.850746268656716,0.6860696517412935,23.291044776119403,3.503929116532383,0.06000275619301402,0.010931871728343557,0.010502931219223455,0.025574719209954116,True,55,9.05122397809599e-07
2024,q7_2024-12-14,2024-12-14T23:59:59+00:00,6,True,context,ypp_observed,v1,1556,1556,c84277cf8e32b5b12bae96c929392ca9d06f2b1ab4f47b9938092c0366057b27,41dd55d63b669671241a885461d657ea0b84317dfb0465a176b2444a9f8b8707,134,3.880578449429418,0.0209184641966925,7.834954038574354,7.902985074626866,0.7917412935323384,28.66417910447761,3.689045314050826,0.05098715612982516,0.011821204222064315,0.010240757660973444,0.017679133410871586,True,55,9.180074755782419e-07
2024,q7_2024-12-14,2024-12-14T23:59:59+00:00,6,True,context,ypp_observed,y1,1556,1556,c84277cf8e32b5b12bae96c929392ca9d06f2b1ab4f47b9938092c0366057b27,41dd55d63b669671241a885461d657ea0b84317dfb0465a176b2444a9f8b8707,134,3.880578449429418,0.0209184641966925,7.834954038574354,7.902985074626866,0.7917412935323384,28.66417910447761,3.689045314050826,0.05098715612982516,0.011821204222064315,0.010240757660973444,0.017679133410871586,True,55,9.180074755782419e-07
2024,q7_2024-12-14,2024-12-14T23:59:59+00:00,6,True,context,ypp_observed,y2,1556,1556,c84277cf8e32b5b12bae96c929392ca9d06f2b1ab4f47b9938092c0366057b27,41dd55d63b669671241a885461d657ea0b84317dfb0465a176b2444a9f8b8707,134,3.947038545543764,0.023707524578377798,8.41814111452583,8.58955223880597,0.7734328358208955,28.26865671641791,3.6682181913427265,0.05242934681337965,0.011108677060332169,0.009596436590440622,0.019192235558724888,True,47,9.905122012598966e-07
2024,q7_2024-12-14,2024-12-14T23:59:59+00:00,6,True,history,full,v1,1562,1556,d0620109139a61f08da575ba16b4c26a3e87cffd75d7b37c78689e41a987adb3,41dd55d63b669671241a885461d657ea0b84317dfb0465a176b2444a9f8b8707,134,3.797752086070727,0.017110738550864122,7.18135280203448,7.052238805970149,0.8208955223880597,29.619402985074625,3.727516154404599,0.0485657056861071,0.010481995999916303,0.010151422432961023,0.016754657530261865,True,57,9.559734353292715e-07
2024,q7_2024-12-14,2024-12-14T23:59:59+00:00,6,True,history,full,y1,1562,1556,d0620109139a61f08da575ba16b4c26a3e87cffd75d7b37c78689e41a987adb3,41dd55d63b669671241a885461d657ea0b84317dfb0465a176b2444a9f8b8707,134,3.797752086070727,0.017110738550864122,7.18135280203448,7.052238805970149,0.8208955223880597,29.619402985074625,3.727516154404599,0.0485657056861071,0.010481995999916303,0.010151422432961023,0.016754657530261865,True,57,9.559734353292715e-07
2024,q7_2024-12-14,2024-12-14T23:59:59+00:00,6,True,history,full,y2,1562,1556,d0620109139a61f08da575ba16b4c26a3e87cffd75d7b37c78689e41a987adb3,41dd55d63b669671241a885461d657ea0b84317dfb0465a176b2444a9f8b8707,134,3.8333764681964686,0.018638022814788744,7.466730476782908,7.41044776119403,0.8134328358208955,29.111940298507463,3.7086562969683263,0.04974733647459737,0.009833168348921836,0.009535372203917673,0.017804758131453394,True,54,8.930462719741739e-07
2024,q7_2024-12-14,2024-12-14T23:59:59+00:00,6,True,history,full,naive_independent_diagnostic,1562,1556,d0620109139a61f08da575ba16b4c26a3e87cffd75d7b37c78689e41a987adb3,41dd55d63b669671241a885461d657ea0b84317dfb0465a176b2444a9f8b8707,134,4.100111256437872,0.02491094184377471,8.723453347118477,8.813432835820896,0.7009950248756219,23.686567164179106,3.5276924517271775,0.05827622281588663,0.01038106855173681,0.011174464522337226,0.02583700857683225,True,61,9.971016124987742e-07
2024,q7_2024-12-14,2024-12-14T23:59:59+00:00,6,True,history,ypp_observed,v1,1556,1556,c84277cf8e32b5b12bae96c929392ca9d06f2b1ab4f47b9938092c0366057b27,41dd55d63b669671241a885461d657ea0b84317dfb0465a176b2444a9f8b8707,134,3.7980441365398208,0.017124887488406768,7.181898320006054,7.059701492537314,0.8207960199004976,29.604477611940297,3.727248195116169,0.04858376674344161,0.010491771236291799,0.010168748844642759,0.016795498276869752,True,55,9.12694619922827e-07
2024,q7_2024-12-14,2024-12-14T23:59:59+00:00,6,True,history,ypp_observed,y1,1556,1556,c84277cf8e32b5b12bae96c929392ca9d06f2b1ab4f47b9938092c0366057b27,41dd55d63b669671241a885461d657ea0b84317dfb0465a176b2444a9f8b8707,134,3.7980441365398208,0.017124887488406768,7.181898320006054,7.059701492537314,0.8207960199004976,29.604477611940297,3.727248195116169,0.04858376674344161,0.010491771236291799,0.010168748844642759,0.016795498276869752,True,55,9.12694619922827e-07
2024,q7_2024-12-14,2024-12-14T23:59:59+00:00,6,True,history,ypp_observed,y2,1556,1556,c84277cf8e32b5b12bae96c929392ca9d06f2b1ab4f47b9938092c0366057b27,41dd55d63b669671241a885461d657ea0b84317dfb0465a176b2444a9f8b8707,134,3.8338761016519745,0.01865877454651297,7.477539797755897,7.41044776119403,0.8133333333333332,29.104477611940297,3.7083850401006515,0.04976215681143645,0.00984810092549382,0.009558761375921798,0.017888847441887262,True,53,8.798859062603137e-07
2025,q1_2025-08-23,2025-08-23T23:59:59+00:00,0,False,context,full,v1,8,8,9800b71a027f7b1042c3f0ec1dd4d36335d1930604f969ea393899c2015e29b0,1de02e8bdb7fd52e1e314037a0c35bb70585f5809b3bb7da3247355de54fc375,136,4.6391803903094635,0.0840495991650333,21.612819581632326,22.139705882352942,0.7956285253827557,70.83823529411765,4.470694029094865,0.02773729921293572,0.018043292253074248,0.036982792050379236,0.07032114073617331,True,12,6.268756748209481e-07
2025,q1_2025-08-23,2025-08-23T23:59:59+00:00,0,False,context,full,y1,8,8,9800b71a027f7b1042c3f0ec1dd4d36335d1930604f969ea393899c2015e29b0,1de02e8bdb7fd52e1e314037a0c35bb70585f5809b3bb7da3247355de54fc375,136,4.6391803903094635,0.0840495991650333,21.612819581632326,22.139705882352942,0.7956285253827557,70.83823529411765,4.470694029094865,0.02773729921293572,0.018043292253074248,0.036982792050379236,0.07032114073617331,True,12,6.268756748209481e-07
2025,q1_2025-08-23,2025-08-23T23:59:59+00:00,0,False,context,full,y2,8,8,9800b71a027f7b1042c3f0ec1dd4d36335d1930604f969ea393899c2015e29b0,1de02e8bdb7fd52e1e314037a0c35bb70585f5809b3bb7da3247355de54fc375,136,4.641314503534356,0.0843684885281002,21.705686383001776,22.279411764705884,0.7950241740531829,70.79411764705883,4.470248395625284,0.027749114905200118,0.018043647468399284,0.036987577939282805,0.0704134994353715,True,12,5.815210638651647e-07
2025,q1_2025-08-23,2025-08-23T23:59:59+00:00,0,False,history,full,v1,8,8,9800b71a027f7b1042c3f0ec1dd4d36335d1930604f969ea393899c2015e29b0,1de02e8bdb7fd52e1e314037a0c35bb70585f5809b3bb7da3247355de54fc375,136,4.564274006842966,0.07825627335496865,21.154149318216415,21.28676470588235,0.8406526994359388,78.0,4.582120737761558,0.02269847237293296,0.016820971357769082,0.03450063831366335,0.06850864979628858,True,12,6.268756748209481e-07
2025,q1_2025-08-23,2025-08-23T23:59:59+00:00,0,False,history,full,y1,8,8,9800b71a027f7b1042c3f0ec1dd4d36335d1930604f969ea393899c2015e29b0,1de02e8bdb7fd52e1e314037a0c35bb70585f5809b3bb7da3247355de54fc375,136,4.564274006842966,0.07825627335496865,21.154149318216415,21.28676470588235,0.8406526994359388,78.0,4.582120737761558,0.02269847237293296,0.016820971357769082,0.03450063831366335,0.06850864979628858,True,12,6.268756748209481e-07
2025,q1_2025-08-23,2025-08-23T23:59:59+00:00,0,False,history,full,y2,8,8,9800b71a027f7b1042c3f0ec1dd4d36335d1930604f969ea393899c2015e29b0,1de02e8bdb7fd52e1e314037a0c35bb70585f5809b3bb7da3247355de54fc375,136,4.5657331497659746,0.07850437933481358,21.21712798023897,21.375,0.8405519742143432,77.96323529411765,4.581867801185867,0.022705101407057143,0.016822134937550963,0.034510024591695464,0.06861119447809318,True,12,5.815210638651647e-07
2025,q2_2025-09-19,2025-09-19T23:59:59+00:00,1,False,context,full,v1,360,358,c6c2600b370504db87b0e34523b849e78e50745fa3447e2469609d1e36d95a2e,1de02e8bdb7fd52e1e314037a0c35bb70585f5809b3bb7da3247355de54fc375,136,4.4288501178120825,0.06087180200336618,16.338050224882124,17.28676470588235,0.76138195004029,48.955882352941174,4.155367414020909,0.03528965404589767,0.015369233554473156,0.03037432691584999,0.046364883499923015,True,19,9.499670207552269e-07
2025,q2_2025-09-19,2025-09-19T23:59:59+00:00,1,False,context,full,y1,360,358,c6c2600b370504db87b0e34523b849e78e50745fa3447e2469609d1e36d95a2e,1de02e8bdb7fd52e1e314037a0c35bb70585f5809b3bb7da3247355de54fc375,136,4.4288501178120825,0.06087180200336618,16.338050224882124,17.28676470588235,0.76138195004029,48.955882352941174,4.155367414020909,0.03528965404589767,0.015369233554473156,0.03037432691584999,0.046364883499923015,True,19,9.499670207552269e-07
2025,q2_2025-09-19,2025-09-19T23:59:59+00:00,1,False,context,full,y2,360,358,c6c2600b370504db87b0e34523b849e78e50745fa3447e2469609d1e36d95a2e,1de02e8bdb7fd52e1e314037a0c35bb70585f5809b3bb7da3247355de54fc375,136,4.428371188406163,0.060329221445247744,16.149088739018424,17.044117647058822,0.753928283642224,48.11029411764706,4.136535276179128,0.03598796192608891,0.015229218430637837,0.030786013586120046,0.04854740574697156,True,19,7.945431504848e-07
2025,q2_2025-09-19,2025-09-19T23:59:59+00:00,1,False,history,full,v1,360,358,c6c2600b370504db87b0e34523b849e78e50745fa3447e2469609d1e36d95a2e,1de02e8bdb7fd52e1e314037a0c35bb70585f5809b3bb7da3247355de54fc375,136,4.339932357338743,0.055273228234685924,15.66927174241101,16.308823529411764,0.8048952457695406,51.60294117647059,4.214729893501785,0.032457506397838655,0.014766383349244232,0.029619707378944645,0.04951211146387824,True,19,8.507981813926646e-07
2025,q2_2025-09-19,2025-09-19T23:59:59+00:00,1,False,history,full,y1,360,358,c6c2600b370504db87b0e34523b849e78e50745fa3447e2469609d1e36d95a2e,1de02e8bdb7fd52e1e314037a0c35bb70585f5809b3bb7da3247355de54fc375,136,4.339932357338743,0.055273228234685924,15.66927174241101,16.308823529411764,0.8048952457695406,51.60294117647059,4.214729893501785,0.032457506397838655,0.014766383349244232,0.029619707378944645,0.04951211146387824,True,19,8.507981813926646e-07
2025,q2_2025-09-19,2025-09-19T23:59:59+00:00,1,False,history,full,y2,360,358,c6c2600b370504db87b0e34523b849e78e50745fa3447e2469609d1e36d95a2e,1de02e8bdb7fd52e1e314037a0c35bb70585f5809b3bb7da3247355de54fc375,136,4.3359374987824495,0.05435992709808965,15.419365192492114,16.13235294117647,0.794016921837228,50.61029411764706,4.195227624969931,0.033125819382413546,0.014616623540520313,0.03034011422896538,0.052592696389891815,True,19,7.407765282366197e-07
2025,q3_2025-10-08,2025-10-08T23:59:59+00:00,2,False,context,full,v1,677,675,435acc90dae6747b803053a52eb378c2a4d2bf76ce9e2cd195fcd36da8be8280,1de02e8bdb7fd52e1e314037a0c35bb70585f5809b3bb7da3247355de54fc375,136,4.309307932613268,0.0501165509593631,14.14725323465388,15.022058823529411,0.7244157937147462,39.47794117647059,3.972659021040287,0.040335410742834095,0.010041925912445154,0.01758899384721786,0.03744247844885158,True,27,9.530583825051453e-07
2025,q3_2025-10-08,2025-10-08T23:59:59+00:00,2,False,context,full,y1,677,675,435acc90dae6747b803053a52eb378c2a4d2bf76ce9e2cd195fcd36da8be8280,1de02e8bdb7fd52e1e314037a0c35bb70585f5809b3bb7da3247355de54fc375,136,4.309307932613268,0.0501165509593631,14.14725323465388,15.022058823529411,0.7244157937147462,39.47794117647059,3.972659021040287,0.040335410742834095,0.010041925912445154,0.01758899384721786,0.03744247844885158,True,27,9.530583825051453e-07
2025,q3_2025-10-08,2025-10-08T23:59:59+00:00,2,False,context,full,y2,677,675,435acc90dae6747b803053a52eb378c2a4d2bf76ce9e2cd195fcd36da8be8280,1de02e8bdb7fd52e1e314037a0c35bb70585f5809b3bb7da3247355de54fc375,136,4.34335788916086,0.05172859492043962,14.297409684615445,15.257352941176471,0.7090048348106365,38.455882352941174,3.9447814611757357,0.041658705253309114,0.009831851233422314,0.017901065915574003,0.04081915639314245,True,24,7.191596962663471e-07
2025,q3_2025-10-08,2025-10-08T23:59:59+00:00,2,False,history,full,v1,677,675,435acc90dae6747b803053a52eb378c2a4d2bf76ce9e2cd195fcd36da8be8280,1de02e8bdb7fd52e1e314037a0c35bb70585f5809b3bb7da3247355de54fc375,136,4.19468907814085,0.04266717046424818,12.56797822267059,13.375,0.7681305398871877,41.05882352941177,4.0182567223015955,0.038195830044604966,0.008631631200639226,0.017072439355532265,0.04391418909741431,True,29,7.914320729607294e-07
2025,q3_2025-10-08,2025-10-08T23:59:59+00:00,2,False,history,full,y1,677,675,435acc90dae6747b803053a52eb378c2a4d2bf76ce9e2cd195fcd36da8be8280,1de02e8bdb7fd52e1e314037a0c35bb70585f5809b3bb7da3247355de54fc375,136,4.19468907814085,0.04266717046424818,12.56797822267059,13.375,0.7681305398871877,41.05882352941177,4.0182567223015955,0.038195830044604966,0.008631631200639226,0.017072439355532265,0.04391418909741431,True,29,7.914320729607294e-07
2025,q3_2025-10-08,2025-10-08T23:59:59+00:00,2,False,history,full,y2,677,675,435acc90dae6747b803053a52eb378c2a4d2bf76ce9e2cd195fcd36da8be8280,1de02e8bdb7fd52e1e314037a0c35bb70585f5809b3bb7da3247355de54fc375,136,4.210067539894492,0.04334121577844766,12.681623695840198,13.573529411764707,0.7576551168412571,40.05882352941177,3.992038170177808,0.03935231395847377,0.00846059788260635,0.017596330547893065,0.047092660891031854,True,27,8.537368897387765e-07
2025,q4_2025-10-23,2025-10-23T23:59:59+00:00,3,False,context,full,v1,898,896,17ff1721b02b4de21d728fb368d12f6c2cf24da7c231816d32d0d544e3cb0dd2,1de02e8bdb7fd52e1e314037a0c35bb70585f5809b3bb7da3247355de54fc375,136,4.193903268796746,0.04190239992255909,12.726475143909054,13.529411764705882,0.7310636583400483,35.9264705882353,3.891723522690568,0.042784357382613096,0.009180246777858272,0.017625187450319713,0.029084525290319223,True,36,9.158428713185174e-07
2025,q4_2025-10-23,2025-10-23T23:59:59+00:00,3,False,context,full,y1,898,896,17ff1721b02b4de21d728fb368d12f6c2cf24da7c231816d32d0d544e3cb0dd2,1de02e8bdb7fd52e1e314037a0c35bb70585f5809b3bb7da3247355de54fc375,136,4.193903268796746,0.04190239992255909,12.726475143909054,13.529411764705882,0.7310636583400483,35.9264705882353,3.891723522690568,0.042784357382613096,0.009180246777858272,0.017625187450319713,0.029084525290319223,True,36,9.158428713185174e-07
2025,q4_2025-10-23,2025-10-23T23:59:59+00:00,3,False,context,full,y2,898,896,17ff1721b02b4de21d728fb368d12f6c2cf24da7c231816d32d0d544e3cb0dd2,1de02e8bdb7fd52e1e314037a0c35bb70585f5809b3bb7da3247355de54fc375,136,4.242298293639625,0.04453260959003763,13.323294083827571,14.132352941176471,0.6997381144238517,34.794117647058826,3.858985547333848,0.044318474064038174,0.009091331102137862,0.017678005114767765,0.0316611581678488,True,31,8.977774839519226e-07
2025,q4_2025-10-23,2025-10-23T23:59:59+00:00,3,False,history,full,v1,898,896,17ff1721b02b4de21d728fb368d12f6c2cf24da7c231816d32d0d544e3cb0dd2,1de02e8bdb7fd52e1e314037a0c35bb70585f5809b3bb7da3247355de54fc375,136,4.068986319547234,0.03418187278363466,11.18185936874595,11.919117647058824,0.7855560032232071,37.11764705882353,3.9320236520616096,0.041126214058147335,0.008081954065865267,0.015130778089258438,0.034527071870320246,True,37,9.101253344717675e-07
2025,q4_2025-10-23,2025-10-23T23:59:59+00:00,3,False,history,full,y1,898,896,17ff1721b02b4de21d728fb368d12f6c2cf24da7c231816d32d0d544e3cb0dd2,1de02e8bdb7fd52e1e314037a0c35bb70585f5809b3bb7da3247355de54fc375,136,4.068986319547234,0.03418187278363466,11.18185936874595,11.919117647058824,0.7855560032232071,37.11764705882353,3.9320236520616096,0.041126214058147335,0.008081954065865267,0.015130778089258438,0.034527071870320246,True,37,9.101253344717675e-07
2025,q4_2025-10-23,2025-10-23T23:59:59+00:00,3,False,history,full,y2,898,896,17ff1721b02b4de21d728fb368d12f6c2cf24da7c231816d32d0d544e3cb0dd2,1de02e8bdb7fd52e1e314037a0c35bb70585f5809b3bb7da3247355de54fc375,136,4.0945870240761675,0.03566019512599189,11.67683140498375,12.411764705882353,0.7732675261885575,35.9485294117647,3.9006834301979523,0.042388156835158654,0.00798128282387591,0.015405342801402854,0.03728809693963616,True,35,8.346298019379361e-07
2025,q5_2025-11-08,2025-11-08T23:59:59+00:00,4,False,context,full,v1,1217,1213,cff5c31cc1f1b0ee23b0d592441a37329345f205767c6fe4af40d6f3e636c9be,1de02e8bdb7fd52e1e314037a0c35bb70585f5809b3bb7da3247355de54fc375,136,4.129939812288287,0.03704065690948533,11.395872923630227,12.088235294117647,0.725624496373892,32.213235294117645,3.7938844087218815,0.04644051588180679,0.007921067735884949,0.013275543491512937,0.024392535859109464,True,51,8.941233360787448e-07
2025,q5_2025-11-08,2025-11-08T23:59:59+00:00,4,False,context,full,y1,1217,1213,cff5c31cc1f1b0ee23b0d592441a37329345f205767c6fe4af40d6f3e636c9be,1de02e8bdb7fd52e1e314037a0c35bb70585f5809b3bb7da3247355de54fc375,136,4.129939812288287,0.03704065690948533,11.395872923630227,12.088235294117647,0.725624496373892,32.213235294117645,3.7938844087218815,0.04644051588180679,0.007921067735884949,0.013275543491512937,0.024392535859109464,True,51,8.941233360787448e-07
2025,q5_2025-11-08,2025-11-08T23:59:59+00:00,4,False,context,full,y2,1217,1213,cff5c31cc1f1b0ee23b0d592441a37329345f205767c6fe4af40d6f3e636c9be,1de02e8bdb7fd52e1e314037a0c35bb70585f5809b3bb7da3247355de54fc375,136,4.200174945246713,0.040283806586525694,12.095939361873073,12.786764705882353,0.6959105560032233,31.073529411764707,3.7596860377114334,0.04816521563696038,0.00831828546154248,0.013321356533704101,0.025601935631286512,True,46,8.910910407888828e-07
2025,q5_2025-11-08,2025-11-08T23:59:59+00:00,4,False,history,full,v1,1217,1213,cff5c31cc1f1b0ee23b0d592441a37329345f205767c6fe4af40d6f3e636c9be,1de02e8bdb7fd52e1e314037a0c35bb70585f5809b3bb7da3247355de54fc375,136,3.9765066754736003,0.02855135172202654,9.990651022904375,10.595588235294118,0.7849516518936341,33.31617647058823,3.833677246474923,0.04487610840457218,0.007407982378684576,0.011769352313028043,0.029065244995731404,True,51,9.315952272520578e-07
2025,q5_2025-11-08,2025-11-08T23:59:59+00:00,4,False,history,full,y1,1217,1213,cff5c31cc1f1b0ee23b0d592441a37329345f205767c6fe4af40d6f3e636c9be,1de02e8bdb7fd52e1e314037a0c35bb70585f5809b3bb7da3247355de54fc375,136,3.9765066754736003,0.02855135172202654,9.990651022904375,10.595588235294118,0.7849516518936341,33.31617647058823,3.833677246474923,0.04487610840457218,0.007407982378684576,0.011769352313028043,0.029065244995731404,True,51,9.315952272520578e-07
2025,q5_2025-11-08,2025-11-08T23:59:59+00:00,4,False,history,full,y2,1217,1213,cff5c31cc1f1b0ee23b0d592441a37329345f205767c6fe4af40d6f3e636c9be,1de02e8bdb7fd52e1e314037a0c35bb70585f5809b3bb7da3247355de54fc375,136,4.012043303719042,0.030482847650675705,10.424891709282399,11.066176470588236,0.7692385173247381,32.27205882352941,3.8006514618244664,0.04619166732406781,0.007529295167488596,0.011755588535997185,0.03022137728465843,True,49,9.241707461110638e-07
2025,q6_2025-11-22,2025-11-22T23:59:59+00:00,5,False,context,full,v1,1461,1455,d60fc92c9e852dcecfa33bde2ea5ca7ac75f3673c498ccab21a0cf1397763190,1de02e8bdb7fd52e1e314037a0c35bb70585f5809b3bb7da3247355de54fc375,136,4.11640169127726,0.03391916220215158,10.645034981643791,11.227941176470589,0.7146454472199838,29.58823529411765,3.7163054545712364,0.05027447165717696,0.007464657872184186,0.010313605650997523,0.020315724981955403,True,62,9.013100825128184e-07
2025,q6_2025-11-22,2025-11-22T23:59:59+00:00,5,False,context,full,y1,1461,1455,d60fc92c9e852dcecfa33bde2ea5ca7ac75f3673c498ccab21a0cf1397763190,1de02e8bdb7fd52e1e314037a0c35bb70585f5809b3bb7da3247355de54fc375,136,4.11640169127726,0.03391916220215158,10.645034981643791,11.227941176470589,0.7146454472199838,29.58823529411765,3.7163054545712364,0.05027447165717696,0.007464657872184186,0.010313605650997523,0.020315724981955403,True,62,9.013100825128184e-07
2025,q6_2025-11-22,2025-11-22T23:59:59+00:00,5,False,context,full,y2,1461,1455,d60fc92c9e852dcecfa33bde2ea5ca7ac75f3673c498ccab21a0cf1397763190,1de02e8bdb7fd52e1e314037a0c35bb70585f5809b3bb7da3247355de54fc375,136,4.218685618921919,0.03810974478552724,11.41708193612472,12.036764705882353,0.684931506849315,28.676470588235293,3.683549349906614,0.05196238801634266,0.007870912861793023,0.010595686768584682,0.020386570258925492,True,54,9.835010647690767e-07
2025,q6_2025-11-22,2025-11-22T23:59:59+00:00,5,False,history,full,v1,1461,1455,d60fc92c9e852dcecfa33bde2ea5ca7ac75f3673c498ccab21a0cf1397763190,1de02e8bdb7fd52e1e314037a0c35bb70585f5809b3bb7da3247355de54fc375,136,3.9448152857766674,0.024842042638993287,8.995030349241388,9.632352941176471,0.7797139403706688,30.698529411764707,3.7543187322069564,0.048642328786453325,0.007309909110331685,0.009800613678045782,0.0239041872810172,True,62,9.585206107720623e-07
2025,q6_2025-11-22,2025-11-22T23:59:59+00:00,5,False,history,full,y1,1461,1455,d60fc92c9e852dcecfa33bde2ea5ca7ac75f3673c498ccab21a0cf1397763190,1de02e8bdb7fd52e1e314037a0c35bb70585f5809b3bb7da3247355de54fc375,136,3.9448152857766674,0.024842042638993287,8.995030349241388,9.632352941176471,0.7797139403706688,30.698529411764707,3.7543187322069564,0.048642328786453325,0.007309909110331685,0.009800613678045782,0.0239041872810172,True,62,9.585206107720623e-07
2025,q6_2025-11-22,2025-11-22T23:59:59+00:00,5,False,history,full,y2,1461,1455,d60fc92c9e852dcecfa33bde2ea5ca7ac75f3673c498ccab21a0cf1397763190,1de02e8bdb7fd52e1e314037a0c35bb70585f5809b3bb7da3247355de54fc375,136,4.005223560149784,0.0280249402538658,9.56804597877867,10.139705882352942,0.7501007252215954,29.705882352941178,3.7217221364498547,0.04990838178738307,0.007252138175406287,0.009441688494118007,0.023660064579472333,True,57,9.775223196659133e-07
2025,q7_2025-12-13,2025-12-13T23:59:59+00:00,6,True,context,full,v1,1576,1570,72ffadafeaf7d3cc9be57e29dcf7c44ce317a58f045ca1dab71fd21a60c2bd43,1de02e8bdb7fd52e1e314037a0c35bb70585f5809b3bb7da3247355de54fc375,136,4.058285685269316,0.029970691374187966,9.860240659460642,10.5,0.7201853344077357,28.080882352941178,3.664781084709224,0.052970249318335015,0.005527209653867191,0.008703510356033199,0.019749414539701263,True,65,9.281773217795219e-07
2025,q7_2025-12-13,2025-12-13T23:59:59+00:00,6,True,context,full,y1,1576,1570,72ffadafeaf7d3cc9be57e29dcf7c44ce317a58f045ca1dab71fd21a60c2bd43,1de02e8bdb7fd52e1e314037a0c35bb70585f5809b3bb7da3247355de54fc375,136,4.058285685269316,0.029970691374187966,9.860240659460642,10.5,0.7201853344077357,28.080882352941178,3.664781084709224,0.052970249318335015,0.005527209653867191,0.008703510356033199,0.019749414539701263,True,65,9.281773217795219e-07
2025,q7_2025-12-13,2025-12-13T23:59:59+00:00,6,True,context,full,y2,1576,1570,72ffadafeaf7d3cc9be57e29dcf7c44ce317a58f045ca1dab71fd21a60c2bd43,1de02e8bdb7fd52e1e314037a0c35bb70585f5809b3bb7da3247355de54fc375,136,4.178269605864167,0.03483383455767693,10.917160391962812,11.691176470588236,0.6786865431103949,27.272058823529413,3.630864757809749,0.054749824256371454,0.00580234767701685,0.009158156442121378,0.01850077221361976,True,59,9.577550208195174e-07
2025,q7_2025-12-13,2025-12-13T23:59:59+00:00,6,True,context,full,naive_independent_diagnostic,1576,1570,72ffadafeaf7d3cc9be57e29dcf7c44ce317a58f045ca1dab71fd21a60c2bd43,1de02e8bdb7fd52e1e314037a0c35bb70585f5809b3bb7da3247355de54fc375,136,4.482739653250765,0.037576294819542666,10.975621546823556,11.5,0.6009266720386786,22.448529411764707,3.467907568266005,0.06256185260532536,0.0057879468886668835,0.009292955308208646,0.021837859917135244,True,67,9.242135251552597e-07
2025,q7_2025-12-13,2025-12-13T23:59:59+00:00,6,True,context,ypp_observed,v1,1570,1570,a587bec093f77b7460f77f4adeeb1f00cd8d7a0f192ab1f1663b7c1b69f453da,1de02e8bdb7fd52e1e314037a0c35bb70585f5809b3bb7da3247355de54fc375,136,4.060406016548569,0.030070606793472555,9.880551432562381,10.514705882352942,0.7195809830781627,28.102941176470587,3.6646107581160283,0.05297924874265497,0.00552241289758609,0.008706783456128854,0.019760516456925,True,64,9.971449703091717e-07
2025,q7_2025-12-13,2025-12-13T23:59:59+00:00,6,True,context,ypp_observed,y1,1570,1570,a587bec093f77b7460f77f4adeeb1f00cd8d7a0f192ab1f1663b7c1b69f453da,1de02e8bdb7fd52e1e314037a0c35bb70585f5809b3bb7da3247355de54fc375,136,4.060406016548569,0.030070606793472555,9.880551432562381,10.514705882352942,0.7195809830781627,28.102941176470587,3.6646107581160283,0.05297924874265497,0.00552241289758609,0.008706783456128854,0.019760516456925,True,64,9.971449703091717e-07
2025,q7_2025-12-13,2025-12-13T23:59:59+00:00,6,True,context,ypp_observed,y2,1570,1570,a587bec093f77b7460f77f4adeeb1f00cd8d7a0f192ab1f1663b7c1b69f453da,1de02e8bdb7fd52e1e314037a0c35bb70585f5809b3bb7da3247355de54fc375,136,4.180230222189388,0.03491912187671137,10.932778906783668,11.698529411764707,0.6777800161160354,27.294117647058822,3.6306990660173617,0.054762558915612776,0.005796110469957507,0.00915405825867744,0.018509798827074625,True,58,9.417958188873143e-07
2025,q7_2025-12-13,2025-12-13T23:59:59+00:00,6,True,history,full,v1,1576,1570,72ffadafeaf7d3cc9be57e29dcf7c44ce317a58f045ca1dab71fd21a60c2bd43,1de02e8bdb7fd52e1e314037a0c35bb70585f5809b3bb7da3247355de54fc375,136,3.8595461904020483,0.0199286884996597,7.908129343841914,8.419117647058824,0.7930096696212732,29.102941176470587,3.701924215238542,0.05132763171113646,0.0055936391361871675,0.008033288761639104,0.021848256538446204,True,66,9.001573245820405e-07
2025,q7_2025-12-13,2025-12-13T23:59:59+00:00,6,True,history,full,y1,1576,1570,72ffadafeaf7d3cc9be57e29dcf7c44ce317a58f045ca1dab71fd21a60c2bd43,1de02e8bdb7fd52e1e314037a0c35bb70585f5809b3bb7da3247355de54fc375,136,3.8595461904020483,0.0199286884996597,7.908129343841914,8.419117647058824,0.7930096696212732,29.102941176470587,3.701924215238542,0.05132763171113646,0.0055936391361871675,0.008033288761639104,0.021848256538446204,True,66,9.001573245820405e-07
2025,q7_2025-12-13,2025-12-13T23:59:59+00:00,6,True,history,full,y2,1576,1570,72ffadafeaf7d3cc9be57e29dcf7c44ce317a58f045ca1dab71fd21a60c2bd43,1de02e8bdb7fd52e1e314037a0c35bb70585f5809b3bb7da3247355de54fc375,136,3.9309563688352416,0.02361564305890306,8.53098741979176,9.169117647058824,0.7585616438356164,28.044117647058822,3.66824158741148,0.052795298536289025,0.005418253850348217,0.007599089653178313,0.021109267352510477,True,63,9.141362609099701e-07
2025,q7_2025-12-13,2025-12-13T23:59:59+00:00,6,True,history,full,naive_independent_diagnostic,1576,1570,72ffadafeaf7d3cc9be57e29dcf7c44ce317a58f045ca1dab71fd21a60c2bd43,1de02e8bdb7fd52e1e314037a0c35bb70585f5809b3bb7da3247355de54fc375,136,4.23727556550628,0.029885563093015273,9.492384677787825,10.0,0.6591458501208702,22.926470588235293,3.492245718300405,0.06108140213577956,0.0059134653292985465,0.009023960615936407,0.026210109842556974,True,71,9.68293712003132e-07
2025,q7_2025-12-13,2025-12-13T23:59:59+00:00,6,True,history,ypp_observed,v1,1570,1570,a587bec093f77b7460f77f4adeeb1f00cd8d7a0f192ab1f1663b7c1b69f453da,1de02e8bdb7fd52e1e314037a0c35bb70585f5809b3bb7da3247355de54fc375,136,3.8603645395418935,0.019978621200662128,7.923630948590877,8.411764705882353,0.7912973408541498,29.066176470588236,3.7018348385933355,0.051332114389450983,0.005585988613912327,0.008026198798081297,0.021845952733378762,True,65,9.90149908244864e-07
2025,q7_2025-12-13,2025-12-13T23:59:59+00:00,6,True,history,ypp_observed,y1,1570,1570,a587bec093f77b7460f77f4adeeb1f00cd8d7a0f192ab1f1663b7c1b69f453da,1de02e8bdb7fd52e1e314037a0c35bb70585f5809b3bb7da3247355de54fc375,136,3.8603645395418935,0.019978621200662128,7.923630948590877,8.411764705882353,0.7912973408541498,29.066176470588236,3.7018348385933355,0.051332114389450983,0.005585988613912327,0.008026198798081297,0.021845952733378762,True,65,9.90149908244864e-07
2025,q7_2025-12-13,2025-12-13T23:59:59+00:00,6,True,history,ypp_observed,y2,1570,1570,a587bec093f77b7460f77f4adeeb1f00cd8d7a0f192ab1f1663b7c1b69f453da,1de02e8bdb7fd52e1e314037a0c35bb70585f5809b3bb7da3247355de54fc375,136,3.9320037022032834,0.02367343572261762,8.543580860766001,9.198529411764707,0.7586623690572118,28.044117647058822,3.6681329679126535,0.05280185740511884,0.005409000336285929,0.007586777568250145,0.021100037932671914,True,62,9.456438674754208e-07
