season,pairing,games,games_with_any_usable_ypp,games_with_both_usable_ypp,team_game_rows_expected,team_game_rows_with_usable_ypp,team_game_coverage_pct,game_coverage_pct,missing_both,missing_home_only,missing_away_only
1997,fbs-fbs,628,0,0,1256,0,0.0,0.0,628,0,0
1997,fbs-fcs,32,0,0,64,0,0.0,0.0,32,0,0
1997,all,660,0,0,1320,0,0.0,0.0,660,0,0
2003,fbs-fbs,699,0,0,1398,0,0.0,0.0,699,0,0
2003,fbs-fcs,71,0,0,142,0,0.0,0.0,71,0,0
2003,fcs-fcs,498,0,0,996,0,0.0,0.0,498,0,0
2003,all,1268,0,0,2536,0,0.0,0.0,1268,0,0
2004,fbs-fbs,663,653,653,1326,1306,98.4917,98.4917,10,0,0
2004,fbs-fcs,63,46,46,126,92,73.0159,73.0159,17,0,0
2004,fcs-fcs,509,0,0,1018,0,0.0,0.0,509,0,0
2004,all,1235,699,699,2470,1398,56.5992,56.5992,536,0,0
2005,fbs-fbs,664,654,654,1328,1308,98.494,98.494,10,0,0
2005,fbs-fcs,54,54,54,108,108,100.0,100.0,0,0,0
2005,fcs-fcs,528,0,0,1056,0,0.0,0.0,528,0,0
2005,all,1246,708,708,2492,1416,56.8218,56.8218,538,0,0
2006,fbs-fbs,714,710,710,1428,1420,99.4398,99.4398,4,0,0
2006,fbs-fcs,78,77,77,156,154,98.7179,98.7179,1,0,0
2006,fcs-fcs,525,0,0,1050,0,0.0,0.0,525,0,0
2006,all,1317,787,787,2634,1574,59.757,59.757,530,0,0
2007,fbs-fbs,712,709,709,1424,1418,99.5787,99.5787,3,0,0
2007,fbs-fcs,80,78,78,160,156,97.5,97.5,2,0,0
2007,fcs-fcs,584,5,0,1168,5,0.4281,0.0,579,3,2
2007,all,1376,792,787,2752,1579,57.3765,57.1948,584,3,2
2008,fbs-fbs,717,717,717,1434,1434,100.0,100.0,0,0,0
2008,fbs-fcs,88,87,84,176,171,97.1591,95.4545,1,1,2
2008,fcs-fcs,579,0,0,1158,0,0.0,0.0,579,0,0
2008,all,1384,804,801,2768,1605,57.9841,57.8757,580,1,2
2009,fbs-fbs,714,714,714,1428,1428,100.0,100.0,0,0,0
2009,fbs-fcs,94,94,94,188,188,100.0,100.0,0,0,0
2009,fcs-fcs,586,0,0,1172,0,0.0,0.0,586,0,0
2009,all,1394,808,808,2788,1616,57.9627,57.9627,586,0,0
2010,fbs-fbs,718,718,718,1436,1436,100.0,100.0,0,0,0
2010,fbs-fcs,90,90,90,180,180,100.0,100.0,0,0,0
2010,fcs-fcs,583,0,0,1166,0,0.0,0.0,583,0,0
2010,all,1391,808,808,2782,1616,58.0877,58.0877,583,0,0
2011,fbs-fbs,715,708,708,1430,1416,99.021,99.021,7,0,0
2011,fbs-fcs,97,97,97,194,194,100.0,100.0,0,0,0
2011,fcs-fcs,607,0,0,1214,0,0.0,0.0,607,0,0
2011,all,1419,805,805,2838,1610,56.7301,56.7301,614,0,0
2012,fbs-fbs,732,732,732,1464,1464,100.0,100.0,0,0,0
2012,fbs-fcs,106,106,103,212,209,98.5849,97.1698,0,1,2
2012,fcs-fcs,500,0,0,1000,0,0.0,0.0,500,0,0
2012,all,1338,838,835,2676,1673,62.5187,62.4066,500,1,2
2013,fbs-fbs,737,737,737,1474,1474,100.0,100.0,0,0,0
2013,fbs-fcs,111,111,111,222,222,100.0,100.0,0,0,0
2013,fcs-fcs,596,7,7,1192,14,1.1745,1.1745,589,0,0
2013,all,1444,855,855,2888,1710,59.2105,59.2105,589,0,0
2014,fbs-fbs,760,760,760,1520,1520,100.0,100.0,0,0,0
2014,fbs-fcs,108,107,107,216,214,99.0741,99.0741,1,0,0
2014,fcs-fcs,639,0,0,1278,0,0.0,0.0,639,0,0
2014,all,1507,867,867,3014,1734,57.5315,57.5315,640,0,0
2015,fbs-fbs,765,765,765,1530,1530,100.0,100.0,0,0,0
2015,fbs-fcs,105,105,105,210,210,100.0,100.0,0,0,0
2015,fcs-fcs,611,0,0,1222,0,0.0,0.0,611,0,0
2015,all,1481,870,870,2962,1740,58.7441,58.7441,611,0,0
2016,fbs-fbs,760,759,759,1520,1518,99.8684,99.8684,1,0,0
2016,fbs-fcs,113,113,113,226,226,100.0,100.0,0,0,0
2016,fcs-fcs,620,0,0,1240,0,0.0,0.0,620,0,0
2016,all,1493,872,872,2986,1744,58.4059,58.4059,621,0,0
2017,fbs-fbs,776,776,776,1552,1552,100.0,100.0,0,0,0
2017,fbs-fcs,98,98,98,196,196,100.0,100.0,0,0,0
2017,fcs-fcs,629,0,0,1258,0,0.0,0.0,629,0,0
2017,all,1503,874,874,3006,1748,58.1504,58.1504,629,0,0
2018,fbs-fbs,772,772,771,1544,1543,99.9352,99.8705,0,0,1
2018,fbs-fcs,112,112,112,224,224,100.0,100.0,0,0,0
2018,fcs-fcs,611,0,0,1222,0,0.0,0.0,611,0,0
2018,all,1495,884,883,2990,1767,59.097,59.0635,611,0,1
2019,fbs-fbs,774,774,774,1548,1548,100.0,100.0,0,0,0
2019,fbs-fcs,114,114,114,228,228,100.0,100.0,0,0,0
2019,fcs-fcs,666,0,0,1332,0,0.0,0.0,666,0,0
2019,all,1554,888,888,3108,1776,57.1429,57.1429,666,0,0
2020,fbs-fbs,534,534,534,1068,1068,100.0,100.0,0,0,0
2020,fbs-fcs,36,34,34,72,68,94.4444,94.4444,2,0,0
2020,fcs-fcs,259,0,0,518,0,0.0,0.0,259,0,0
2020,all,829,568,568,1658,1136,68.5163,68.5163,261,0,0
2021,fbs-fbs,770,770,770,1540,1540,100.0,100.0,0,0,0
2021,fbs-fcs,117,117,117,234,234,100.0,100.0,0,0,0
2021,fcs-fcs,635,0,0,1270,0,0.0,0.0,635,0,0
2021,all,1522,887,887,3044,1774,58.2786,58.2786,635,0,0
2022,fbs-fbs,776,775,775,1552,1550,99.8711,99.8711,1,0,0
2022,fbs-fcs,120,120,120,240,240,100.0,100.0,0,0,0
2022,fcs-fcs,645,629,629,1290,1258,97.5194,97.5194,16,0,0
2022,all,1541,1524,1524,3082,3048,98.8968,98.8968,17,0,0
2023,fbs-fbs,792,792,792,1584,1584,100.0,100.0,0,0,0
2023,fbs-fcs,118,118,118,236,236,100.0,100.0,0,0,0
2023,fcs-fcs,635,619,619,1270,1238,97.4803,97.4803,16,0,0
2023,all,1545,1529,1529,3090,3058,98.9644,98.9644,16,0,0
2024,fbs-fbs,798,798,798,1596,1596,100.0,100.0,0,0,0
2024,fbs-fcs,121,121,121,242,242,100.0,100.0,0,0,0
2024,fcs-fcs,692,686,686,1384,1372,99.1329,99.1329,6,0,0
2024,all,1611,1605,1605,3222,3210,99.6276,99.6276,6,0,0
2025,fbs-fbs,808,808,808,1616,1616,100.0,100.0,0,0,0
2025,fbs-fcs,126,126,126,252,252,100.0,100.0,0,0,0
2025,fcs-fcs,691,685,685,1382,1370,99.1317,99.1317,6,0,0
2025,all,1625,1619,1619,3250,3238,99.6308,99.6308,6,0,0
2026,fbs-fbs,47,25,25,94,50,53.1915,53.1915,22,0,0
2026,fbs-fcs,48,15,15,96,30,31.25,31.25,33,0,0
2026,fcs-fcs,70,49,49,140,98,70.0,70.0,21,0,0
2026,all,165,89,89,330,178,53.9394,53.9394,76,0,0
