cfbd_team_id,team_name,redditcfb_handle
2,Auburn,auburn
5,UAB,uab
6,South Alabama,southalabama
8,Arkansas,arkansas
9,Arizona State,arizonastate
12,Arizona,arizona
16,Sacramento State,sacramentostate
21,San Diego State,sandiegostate
23,San José State,sanjosestate
24,Stanford,stanford
25,California,california
26,UCLA,ucla
30,USC,usc
36,Colorado State,coloradostate
38,Colorado,colorado
41,UConn,connecticut
48,Delaware,delaware
52,Florida State,floridastate
55,Jacksonville State,jacksonvillestate
57,Florida,florida
58,South Florida,usf
59,Georgia Tech,georgiatech
61,Georgia,georgia
62,Hawai'i,hawaii
66,Iowa State,iowastate
68,Boise State,boisestate
77,Northwestern,northwestern
84,Indiana,indiana
87,Notre Dame,notredame
96,Kentucky,kentucky
97,Louisville,louisville
98,Western Kentucky,wku
99,LSU,lsu
103,Boston College,bostoncollege
113,Massachusetts,umass
120,Maryland,maryland
127,Michigan State,michiganstate
130,Michigan,michigan
135,Minnesota,minnesota
142,Missouri,missouri
145,Ole Miss,olemiss
150,Duke,duke
151,East Carolina,ecu
152,NC State,ncstate
153,North Carolina,northcarolina
154,Wake Forest,wakeforest
158,Nebraska,nebraska
164,Rutgers,rutgers
166,New Mexico State,newmexicostate
167,New Mexico,newmexico
183,Syracuse,syracuse
189,Bowling Green,bowlinggreen
193,Miami (OH),miamioh
194,Ohio State,ohiostate
195,Ohio,ohio
197,Oklahoma State,oklahomastate
201,Oklahoma,oklahoma
202,Tulsa,tulsa
204,Oregon State,oregonstate
213,Penn State,pennstate
218,Temple,temple
221,Pittsburgh,pittsburgh
228,Clemson,clemson
235,Memphis,memphis
238,Vanderbilt,vanderbilt
239,Baylor,baylor
242,Rice,rice
245,Texas A&M,texasam
248,Houston,houston
249,North Texas,northtexas
251,Texas,texas
252,BYU,byu
254,Utah,utah
256,James Madison,jamesmadison
258,Virginia,virginia
259,Virginia Tech,virginiatech
264,Washington,washington
265,Washington State,washingtonstate
275,Wisconsin,wisconsin
276,Marshall,marshall
277,West Virginia,westvirginia
278,Fresno State,fresnostate
290,Georgia Southern,georgiasouthern
295,Old Dominion,olddominion
309,Louisiana,louisiana
324,Coastal Carolina,coastalcarolina
326,Texas State,texasstate
328,Utah State,utahstate
333,Alabama,alabama
338,Kennesaw State,kennesawstate
344,Mississippi State,mississippistate
349,Army,army
356,Illinois,illinois
2005,Air Force,airforce
2006,Akron,akron
2026,App State,appalachianstate
2032,Arkansas State,arkansasstate
2050,Ball State,ballstate
2084,Buffalo,buffalo
2116,UCF,ucf
2117,Central Michigan,centralmichigan
2132,Cincinnati,cincinnati
2199,Eastern Michigan,easternmichigan
2226,Florida Atlantic,fau
2229,Florida International,fiu
2247,Georgia State,georgiastate
2294,Iowa,iowa
2305,Kansas,kansas
2306,Kansas State,kansasstate
2309,Kent State,kentstate
2335,Liberty,liberty
2348,Louisiana Tech,louisianatech
2390,Miami,miami
2393,Middle Tennessee,middletennessee
2426,Navy,navy
2429,Charlotte,charlotte
2433,UL Monroe,ulm
2439,UNLV,unlv
2440,Nevada,nevada
2449,North Dakota State,northdakotastate
2459,Northern Illinois,northernillinois
2483,Oregon,oregon
2509,Purdue,purdue
2534,Sam Houston,samhoustonstate
2567,SMU,smu
2572,Southern Miss,southernmiss
2579,South Carolina,southcarolina
2623,Missouri State,missouristate
2628,TCU,tcu
2633,Tennessee,tennessee
2636,UTSA,utsa
2638,UTEP,utep
2641,Texas Tech,texastech
2649,Toledo,toledo
2653,Troy,troy
2655,Tulane,tulane
2711,Western Michigan,westernmichigan
2751,Wyoming,wyoming
