game_id,season,pairing,team,field,official_value,source,result,cached_value
242970194,2004,FBS-FBS,Indiana,total_yards,242,https://ohiostatebuckeyes.com/documents/download/2023/6/30/2004-7-Indiana.pdf,verified,242
242970194,2004,FBS-FBS,Indiana,rushing_yards,53,https://ohiostatebuckeyes.com/documents/download/2023/6/30/2004-7-Indiana.pdf,verified,53
242970194,2004,FBS-FBS,Indiana,rushing_attempts,36,https://ohiostatebuckeyes.com/documents/download/2023/6/30/2004-7-Indiana.pdf,verified,36
242970194,2004,FBS-FBS,Indiana,passing_yards,189,https://ohiostatebuckeyes.com/documents/download/2023/6/30/2004-7-Indiana.pdf,mismatch,238
242970194,2004,FBS-FBS,Indiana,pass_attempts,28,https://ohiostatebuckeyes.com/documents/download/2023/6/30/2004-7-Indiana.pdf,verified,28
242970194,2004,FBS-FBS,Indiana,completions,17,https://ohiostatebuckeyes.com/documents/download/2023/6/30/2004-7-Indiana.pdf,verified,17
242970194,2004,FBS-FBS,Indiana,offensive_plays_derived,64,https://ohiostatebuckeyes.com/documents/download/2023/6/30/2004-7-Indiana.pdf,verified,64
242970194,2004,FBS-FBS,Indiana,sacks,6,https://ohiostatebuckeyes.com/documents/download/2023/6/30/2004-7-Indiana.pdf,unavailable,
242970194,2004,FBS-FBS,Indiana,sack_yards,49,https://ohiostatebuckeyes.com/documents/download/2023/6/30/2004-7-Indiana.pdf,unavailable,
242970194,2004,FBS-FBS,Indiana,interceptions_thrown,1,https://ohiostatebuckeyes.com/documents/download/2023/6/30/2004-7-Indiana.pdf,verified,1
242970194,2004,FBS-FBS,Indiana,total_fumbles,1,https://ohiostatebuckeyes.com/documents/download/2023/6/30/2004-7-Indiana.pdf,unavailable,
242970194,2004,FBS-FBS,Indiana,fumbles_lost,0,https://ohiostatebuckeyes.com/documents/download/2023/6/30/2004-7-Indiana.pdf,verified,0
242970194,2004,FBS-FBS,Indiana,first_downs,15,https://ohiostatebuckeyes.com/documents/download/2023/6/30/2004-7-Indiana.pdf,mismatch,16
242970194,2004,FBS-FBS,Indiana,penalties,10,https://ohiostatebuckeyes.com/documents/download/2023/6/30/2004-7-Indiana.pdf,mismatch,0
242970194,2004,FBS-FBS,Indiana,penalty_yards,55,https://ohiostatebuckeyes.com/documents/download/2023/6/30/2004-7-Indiana.pdf,mismatch,0
242970194,2004,FBS-FBS,Indiana,punts,7,https://ohiostatebuckeyes.com/documents/download/2023/6/30/2004-7-Indiana.pdf,unavailable,
242970194,2004,FBS-FBS,Indiana,punt_yards,317,https://ohiostatebuckeyes.com/documents/download/2023/6/30/2004-7-Indiana.pdf,unavailable,
242970194,2004,FBS-FBS,Ohio State,total_yards,443,https://ohiostatebuckeyes.com/documents/download/2023/6/30/2004-7-Indiana.pdf,verified,443
242970194,2004,FBS-FBS,Ohio State,rushing_yards,282,https://ohiostatebuckeyes.com/documents/download/2023/6/30/2004-7-Indiana.pdf,verified,282
242970194,2004,FBS-FBS,Ohio State,rushing_attempts,43,https://ohiostatebuckeyes.com/documents/download/2023/6/30/2004-7-Indiana.pdf,verified,43
242970194,2004,FBS-FBS,Ohio State,passing_yards,161,https://ohiostatebuckeyes.com/documents/download/2023/6/30/2004-7-Indiana.pdf,mismatch,164
242970194,2004,FBS-FBS,Ohio State,pass_attempts,24,https://ohiostatebuckeyes.com/documents/download/2023/6/30/2004-7-Indiana.pdf,verified,24
242970194,2004,FBS-FBS,Ohio State,completions,12,https://ohiostatebuckeyes.com/documents/download/2023/6/30/2004-7-Indiana.pdf,verified,12
242970194,2004,FBS-FBS,Ohio State,offensive_plays_derived,67,https://ohiostatebuckeyes.com/documents/download/2023/6/30/2004-7-Indiana.pdf,verified,67
242970194,2004,FBS-FBS,Ohio State,sacks,1,https://ohiostatebuckeyes.com/documents/download/2023/6/30/2004-7-Indiana.pdf,unavailable,
242970194,2004,FBS-FBS,Ohio State,sack_yards,3,https://ohiostatebuckeyes.com/documents/download/2023/6/30/2004-7-Indiana.pdf,unavailable,
242970194,2004,FBS-FBS,Ohio State,interceptions_thrown,0,https://ohiostatebuckeyes.com/documents/download/2023/6/30/2004-7-Indiana.pdf,verified,0
242970194,2004,FBS-FBS,Ohio State,total_fumbles,0,https://ohiostatebuckeyes.com/documents/download/2023/6/30/2004-7-Indiana.pdf,unavailable,
242970194,2004,FBS-FBS,Ohio State,fumbles_lost,0,https://ohiostatebuckeyes.com/documents/download/2023/6/30/2004-7-Indiana.pdf,verified,0
242970194,2004,FBS-FBS,Ohio State,first_downs,22,https://ohiostatebuckeyes.com/documents/download/2023/6/30/2004-7-Indiana.pdf,mismatch,21
242970194,2004,FBS-FBS,Ohio State,penalties,8,https://ohiostatebuckeyes.com/documents/download/2023/6/30/2004-7-Indiana.pdf,mismatch,0
242970194,2004,FBS-FBS,Ohio State,penalty_yards,66,https://ohiostatebuckeyes.com/documents/download/2023/6/30/2004-7-Indiana.pdf,mismatch,0
242970194,2004,FBS-FBS,Ohio State,punts,4,https://ohiostatebuckeyes.com/documents/download/2023/6/30/2004-7-Indiana.pdf,unavailable,
242970194,2004,FBS-FBS,Ohio State,punt_yards,190,https://ohiostatebuckeyes.com/documents/download/2023/6/30/2004-7-Indiana.pdf,unavailable,
401022511,2018,FBS-FCS,UC Davis,total_yards,589,https://static.sjsuspartans.com/Football/2018/HTML/ucd-sj.htm,verified,589
401022511,2018,FBS-FCS,UC Davis,rushing_yards,143,https://static.sjsuspartans.com/Football/2018/HTML/ucd-sj.htm,verified,143
401022511,2018,FBS-FCS,UC Davis,rushing_attempts,34,https://static.sjsuspartans.com/Football/2018/HTML/ucd-sj.htm,verified,34
401022511,2018,FBS-FCS,UC Davis,passing_yards,446,https://static.sjsuspartans.com/Football/2018/HTML/ucd-sj.htm,verified,446
401022511,2018,FBS-FCS,UC Davis,pass_attempts,57,https://static.sjsuspartans.com/Football/2018/HTML/ucd-sj.htm,verified,57
401022511,2018,FBS-FCS,UC Davis,completions,37,https://static.sjsuspartans.com/Football/2018/HTML/ucd-sj.htm,verified,37
401022511,2018,FBS-FCS,UC Davis,offensive_plays_derived,91,https://static.sjsuspartans.com/Football/2018/HTML/ucd-sj.htm,verified,91
401022511,2018,FBS-FCS,UC Davis,sacks,3,https://static.sjsuspartans.com/Football/2018/HTML/ucd-sj.htm,verified,3
401022511,2018,FBS-FCS,UC Davis,sack_yards,24,https://static.sjsuspartans.com/Football/2018/HTML/ucd-sj.htm,unavailable,
401022511,2018,FBS-FCS,UC Davis,interceptions_thrown,1,https://static.sjsuspartans.com/Football/2018/HTML/ucd-sj.htm,verified,1
401022511,2018,FBS-FCS,UC Davis,total_fumbles,0,https://static.sjsuspartans.com/Football/2018/HTML/ucd-sj.htm,unavailable,
401022511,2018,FBS-FCS,UC Davis,fumbles_lost,0,https://static.sjsuspartans.com/Football/2018/HTML/ucd-sj.htm,verified,0
401022511,2018,FBS-FCS,UC Davis,first_downs,31,https://static.sjsuspartans.com/Football/2018/HTML/ucd-sj.htm,verified,31
401022511,2018,FBS-FCS,UC Davis,penalties,11,https://static.sjsuspartans.com/Football/2018/HTML/ucd-sj.htm,verified,11
401022511,2018,FBS-FCS,UC Davis,penalty_yards,79,https://static.sjsuspartans.com/Football/2018/HTML/ucd-sj.htm,verified,79
401022511,2018,FBS-FCS,UC Davis,punts,8,https://static.sjsuspartans.com/Football/2018/HTML/ucd-sj.htm,unavailable,
401022511,2018,FBS-FCS,UC Davis,punt_yards,309,https://static.sjsuspartans.com/Football/2018/HTML/ucd-sj.htm,unavailable,
401022511,2018,FBS-FCS,San José State,total_yards,506,https://static.sjsuspartans.com/Football/2018/HTML/ucd-sj.htm,verified,506
401022511,2018,FBS-FCS,San José State,rushing_yards,141,https://static.sjsuspartans.com/Football/2018/HTML/ucd-sj.htm,verified,141
401022511,2018,FBS-FCS,San José State,rushing_attempts,38,https://static.sjsuspartans.com/Football/2018/HTML/ucd-sj.htm,verified,38
401022511,2018,FBS-FCS,San José State,passing_yards,365,https://static.sjsuspartans.com/Football/2018/HTML/ucd-sj.htm,verified,365
401022511,2018,FBS-FCS,San José State,pass_attempts,52,https://static.sjsuspartans.com/Football/2018/HTML/ucd-sj.htm,verified,52
401022511,2018,FBS-FCS,San José State,completions,28,https://static.sjsuspartans.com/Football/2018/HTML/ucd-sj.htm,verified,28
401022511,2018,FBS-FCS,San José State,offensive_plays_derived,90,https://static.sjsuspartans.com/Football/2018/HTML/ucd-sj.htm,verified,90
401022511,2018,FBS-FCS,San José State,sacks,2,https://static.sjsuspartans.com/Football/2018/HTML/ucd-sj.htm,verified,2
401022511,2018,FBS-FCS,San José State,sack_yards,17,https://static.sjsuspartans.com/Football/2018/HTML/ucd-sj.htm,unavailable,
401022511,2018,FBS-FCS,San José State,interceptions_thrown,2,https://static.sjsuspartans.com/Football/2018/HTML/ucd-sj.htm,verified,2
401022511,2018,FBS-FCS,San José State,total_fumbles,1,https://static.sjsuspartans.com/Football/2018/HTML/ucd-sj.htm,verified,1
401022511,2018,FBS-FCS,San José State,fumbles_lost,1,https://static.sjsuspartans.com/Football/2018/HTML/ucd-sj.htm,verified,1
401022511,2018,FBS-FCS,San José State,first_downs,27,https://static.sjsuspartans.com/Football/2018/HTML/ucd-sj.htm,verified,27
401022511,2018,FBS-FCS,San José State,penalties,12,https://static.sjsuspartans.com/Football/2018/HTML/ucd-sj.htm,verified,12
401022511,2018,FBS-FCS,San José State,penalty_yards,125,https://static.sjsuspartans.com/Football/2018/HTML/ucd-sj.htm,verified,125
401022511,2018,FBS-FCS,San José State,punts,6,https://static.sjsuspartans.com/Football/2018/HTML/ucd-sj.htm,unavailable,
401022511,2018,FBS-FCS,San José State,punt_yards,238,https://static.sjsuspartans.com/Football/2018/HTML/ucd-sj.htm,unavailable,
401282717,2021,FBS-FBS,Illinois,total_yards,395,https://fightingillini.com/sports/football/stats/2021/penn-state/boxscore/22918,verified,395
401282717,2021,FBS-FBS,Illinois,rushing_yards,357,https://fightingillini.com/sports/football/stats/2021/penn-state/boxscore/22918,verified,357
401282717,2021,FBS-FBS,Illinois,rushing_attempts,67,https://fightingillini.com/sports/football/stats/2021/penn-state/boxscore/22918,verified,67
401282717,2021,FBS-FBS,Illinois,passing_yards,38,https://fightingillini.com/sports/football/stats/2021/penn-state/boxscore/22918,verified,38
401282717,2021,FBS-FBS,Illinois,pass_attempts,21,https://fightingillini.com/sports/football/stats/2021/penn-state/boxscore/22918,verified,21
401282717,2021,FBS-FBS,Illinois,completions,8,https://fightingillini.com/sports/football/stats/2021/penn-state/boxscore/22918,verified,8
401282717,2021,FBS-FBS,Illinois,offensive_plays_derived,88,https://fightingillini.com/sports/football/stats/2021/penn-state/boxscore/22918,verified,88
401282717,2021,FBS-FBS,Illinois,sacks,4,https://fightingillini.com/sports/football/stats/2021/penn-state/boxscore/22918,verified,4
401282717,2021,FBS-FBS,Illinois,sack_yards,26,https://fightingillini.com/sports/football/stats/2021/penn-state/boxscore/22918,unavailable,
401282717,2021,FBS-FBS,Illinois,interceptions_thrown,1,https://fightingillini.com/sports/football/stats/2021/penn-state/boxscore/22918,verified,1
401282717,2021,FBS-FBS,Illinois,total_fumbles,3,https://fightingillini.com/sports/football/stats/2021/penn-state/boxscore/22918,verified,3
401282717,2021,FBS-FBS,Illinois,fumbles_lost,2,https://fightingillini.com/sports/football/stats/2021/penn-state/boxscore/22918,verified,2
401282717,2021,FBS-FBS,Illinois,first_downs,26,https://fightingillini.com/sports/football/stats/2021/penn-state/boxscore/22918,verified,26
401282717,2021,FBS-FBS,Illinois,penalties,4,https://fightingillini.com/sports/football/stats/2021/penn-state/boxscore/22918,verified,4
401282717,2021,FBS-FBS,Illinois,penalty_yards,50,https://fightingillini.com/sports/football/stats/2021/penn-state/boxscore/22918,verified,50
401282717,2021,FBS-FBS,Illinois,punts,4,https://fightingillini.com/sports/football/stats/2021/penn-state/boxscore/22918,unavailable,
401282717,2021,FBS-FBS,Illinois,punt_yards,172,https://fightingillini.com/sports/football/stats/2021/penn-state/boxscore/22918,unavailable,
401282717,2021,FBS-FBS,Penn State,total_yards,227,https://fightingillini.com/sports/football/stats/2021/penn-state/boxscore/22918,verified,227
401282717,2021,FBS-FBS,Penn State,rushing_yards,62,https://fightingillini.com/sports/football/stats/2021/penn-state/boxscore/22918,verified,62
401282717,2021,FBS-FBS,Penn State,rushing_attempts,29,https://fightingillini.com/sports/football/stats/2021/penn-state/boxscore/22918,verified,29
401282717,2021,FBS-FBS,Penn State,passing_yards,165,https://fightingillini.com/sports/football/stats/2021/penn-state/boxscore/22918,verified,165
401282717,2021,FBS-FBS,Penn State,pass_attempts,34,https://fightingillini.com/sports/football/stats/2021/penn-state/boxscore/22918,verified,34
401282717,2021,FBS-FBS,Penn State,completions,19,https://fightingillini.com/sports/football/stats/2021/penn-state/boxscore/22918,verified,19
401282717,2021,FBS-FBS,Penn State,offensive_plays_derived,63,https://fightingillini.com/sports/football/stats/2021/penn-state/boxscore/22918,verified,63
401282717,2021,FBS-FBS,Penn State,sacks,4,https://fightingillini.com/sports/football/stats/2021/penn-state/boxscore/22918,verified,4
401282717,2021,FBS-FBS,Penn State,sack_yards,31,https://fightingillini.com/sports/football/stats/2021/penn-state/boxscore/22918,unavailable,
401282717,2021,FBS-FBS,Penn State,interceptions_thrown,0,https://fightingillini.com/sports/football/stats/2021/penn-state/boxscore/22918,verified,0
401282717,2021,FBS-FBS,Penn State,total_fumbles,0,https://fightingillini.com/sports/football/stats/2021/penn-state/boxscore/22918,mismatch,1
401282717,2021,FBS-FBS,Penn State,fumbles_lost,0,https://fightingillini.com/sports/football/stats/2021/penn-state/boxscore/22918,verified,0
401282717,2021,FBS-FBS,Penn State,first_downs,14,https://fightingillini.com/sports/football/stats/2021/penn-state/boxscore/22918,verified,14
401282717,2021,FBS-FBS,Penn State,penalties,7,https://fightingillini.com/sports/football/stats/2021/penn-state/boxscore/22918,verified,7
401282717,2021,FBS-FBS,Penn State,penalty_yards,81,https://fightingillini.com/sports/football/stats/2021/penn-state/boxscore/22918,verified,81
401282717,2021,FBS-FBS,Penn State,punts,8,https://fightingillini.com/sports/football/stats/2021/penn-state/boxscore/22918,unavailable,
401282717,2021,FBS-FBS,Penn State,punt_yards,375,https://fightingillini.com/sports/football/stats/2021/penn-state/boxscore/22918,unavailable,
401628379,2024,FBS-FBS,Tennessee,total_yards,332,https://utsports.com/sports/football/stats/2024/arkansas/boxscore/28878,verified,332
401628379,2024,FBS-FBS,Tennessee,rushing_yards,174,https://utsports.com/sports/football/stats/2024/arkansas/boxscore/28878,verified,174
401628379,2024,FBS-FBS,Tennessee,rushing_attempts,36,https://utsports.com/sports/football/stats/2024/arkansas/boxscore/28878,verified,36
401628379,2024,FBS-FBS,Tennessee,passing_yards,158,https://utsports.com/sports/football/stats/2024/arkansas/boxscore/28878,verified,158
401628379,2024,FBS-FBS,Tennessee,pass_attempts,29,https://utsports.com/sports/football/stats/2024/arkansas/boxscore/28878,verified,29
401628379,2024,FBS-FBS,Tennessee,completions,17,https://utsports.com/sports/football/stats/2024/arkansas/boxscore/28878,verified,17
401628379,2024,FBS-FBS,Tennessee,offensive_plays_derived,65,https://utsports.com/sports/football/stats/2024/arkansas/boxscore/28878,verified,65
401628379,2024,FBS-FBS,Tennessee,sacks,2,https://utsports.com/sports/football/stats/2024/arkansas/boxscore/28878,verified,2
401628379,2024,FBS-FBS,Tennessee,sack_yards,9,https://utsports.com/sports/football/stats/2024/arkansas/boxscore/28878,unavailable,
401628379,2024,FBS-FBS,Tennessee,interceptions_thrown,0,https://utsports.com/sports/football/stats/2024/arkansas/boxscore/28878,verified,0
401628379,2024,FBS-FBS,Tennessee,total_fumbles,1,https://utsports.com/sports/football/stats/2024/arkansas/boxscore/28878,verified,1
401628379,2024,FBS-FBS,Tennessee,fumbles_lost,0,https://utsports.com/sports/football/stats/2024/arkansas/boxscore/28878,verified,0
401628379,2024,FBS-FBS,Tennessee,first_downs,16,https://utsports.com/sports/football/stats/2024/arkansas/boxscore/28878,verified,16
401628379,2024,FBS-FBS,Tennessee,penalties,10,https://utsports.com/sports/football/stats/2024/arkansas/boxscore/28878,verified,10
401628379,2024,FBS-FBS,Tennessee,penalty_yards,60,https://utsports.com/sports/football/stats/2024/arkansas/boxscore/28878,verified,60
401628379,2024,FBS-FBS,Tennessee,punts,7,https://utsports.com/sports/football/stats/2024/arkansas/boxscore/28878,unavailable,
401628379,2024,FBS-FBS,Tennessee,punt_yards,299,https://utsports.com/sports/football/stats/2024/arkansas/boxscore/28878,unavailable,
401628379,2024,FBS-FBS,Arkansas,total_yards,434,https://utsports.com/sports/football/stats/2024/arkansas/boxscore/28878,mismatch,431
401628379,2024,FBS-FBS,Arkansas,rushing_yards,137,https://utsports.com/sports/football/stats/2024/arkansas/boxscore/28878,mismatch,134
401628379,2024,FBS-FBS,Arkansas,rushing_attempts,44,https://utsports.com/sports/football/stats/2024/arkansas/boxscore/28878,verified,44
401628379,2024,FBS-FBS,Arkansas,passing_yards,297,https://utsports.com/sports/football/stats/2024/arkansas/boxscore/28878,verified,297
401628379,2024,FBS-FBS,Arkansas,pass_attempts,30,https://utsports.com/sports/football/stats/2024/arkansas/boxscore/28878,verified,30
401628379,2024,FBS-FBS,Arkansas,completions,21,https://utsports.com/sports/football/stats/2024/arkansas/boxscore/28878,verified,21
401628379,2024,FBS-FBS,Arkansas,offensive_plays_derived,74,https://utsports.com/sports/football/stats/2024/arkansas/boxscore/28878,verified,74
401628379,2024,FBS-FBS,Arkansas,sacks,4,https://utsports.com/sports/football/stats/2024/arkansas/boxscore/28878,verified,4
401628379,2024,FBS-FBS,Arkansas,sack_yards,19,https://utsports.com/sports/football/stats/2024/arkansas/boxscore/28878,unavailable,
401628379,2024,FBS-FBS,Arkansas,interceptions_thrown,0,https://utsports.com/sports/football/stats/2024/arkansas/boxscore/28878,verified,0
401628379,2024,FBS-FBS,Arkansas,total_fumbles,2,https://utsports.com/sports/football/stats/2024/arkansas/boxscore/28878,verified,2
401628379,2024,FBS-FBS,Arkansas,fumbles_lost,0,https://utsports.com/sports/football/stats/2024/arkansas/boxscore/28878,verified,0
401628379,2024,FBS-FBS,Arkansas,first_downs,23,https://utsports.com/sports/football/stats/2024/arkansas/boxscore/28878,verified,23
401628379,2024,FBS-FBS,Arkansas,penalties,6,https://utsports.com/sports/football/stats/2024/arkansas/boxscore/28878,verified,6
401628379,2024,FBS-FBS,Arkansas,penalty_yards,45,https://utsports.com/sports/football/stats/2024/arkansas/boxscore/28878,verified,45
401628379,2024,FBS-FBS,Arkansas,punts,3,https://utsports.com/sports/football/stats/2024/arkansas/boxscore/28878,unavailable,
401628379,2024,FBS-FBS,Arkansas,punt_yards,172,https://utsports.com/sports/football/stats/2024/arkansas/boxscore/28878,unavailable,
